FUNCIONARIOID;NM_FUNCIONARIO;SALARIO;SEXO;DATA_ADMISSAO;CIDADEID;DEPTOID;CEP
1;ANA MARIA SOARES;17000.00;F;2000-05-01 00:00:00;1;1;01317001
2;LUCIANO DE ARAÈJO;8000.00;M;2001-03-03 00:00:00;2;2;04517002
3;VICT‡RIA MAGALH«ES;7000.00;F;2004-10-04 00:00:00;3;3;01317001
4;CARLOS ROBERTO SILVA;5000.00;M;1999-08-06 00:00:00;4;4;04517002
5;GLORIA MARIA DE SOUZA;4000.00;F;2003-09-01 00:00:00;5;5;01317001
6;FERNANDO GOMES;3500.00;M;2000-05-01 00:00:00;6;6;04517002
7;BEATRIZ DE OLIVEIRA;2800.00;F;2002-11-02 00:00:00;7;7;01317001
8;EDUARDO DA LUZ;1900.00;M;1998-08-10 00:00:00;8;8;04517002
9;MARIA APARECIDA DE JESUS;4500.00;F;2006-05-07 00:00:00;9;9;01317001
10;VICENTE JOSE DOS SANTOS;5000.00;M;2005-11-07 00:00:00;10;10;04517002
11;SERGIO DE ALMEIDA PRADO;7700.00;M;2005-11-05 00:00:00;1;2;04517002
12;SILVIO BRAGANÄA;6500.00;M;1995-10-10 00:00:00;3;7;04517002
13;MARISA BARBOSA;7100.00;F;2006-09-07 00:00:00;5;6;01317001
14;SANDRA GOMES;9000.00;F;2020-04-09 00:00:00;1;9;01317001
1047;ANA MARIA SOARES;17000.00;F;2000-05-01 00:00:00;1;1;01317001
1048;LUCIANO DE ARAÈJO;8000.00;M;2001-03-03 00:00:00;2;2;04517002
1049;VICT‡RIA MAGALH«ES;7000.00;F;2004-10-04 00:00:00;3;3;01317001
1050;CARLOS ROBERTO SILVA;5000.00;M;1999-08-06 00:00:00;4;4;04517002
1051;GLORIA MARIA DE SOUZA;4000.00;F;2003-09-01 00:00:00;5;5;01317001
1052;BEATRIZ DE OLIVEIRA;2800.00;F;2002-11-02 00:00:00;7;7;01317001
1053;MARIA APARECIDA DE JESUS;4500.00;F;2006-05-07 00:00:00;9;9;01317001
1054;VICENTE JOSE DOS SANTOS;5000.00;M;2005-11-07 00:00:00;10;10;04517002
1055;SERGIO DE ALMEIDA PRADO;7700.00;M;2005-11-05 00:00:00;1;2;04517002
1056;SILVIO BRAGANÄA;6500.00;M;1995-10-10 00:00:00;3;7;04517002
1057;MARISA BARBOSA;7100.00;F;2006-09-07 00:00:00;5;6;01317001
1058;DIRCE SPEDO RODRIGUES MORETTI;8100.00;F;2001-01-01 00:00:00;1;1;01317001
1059;ANDRê LUIZ ARID;9100.00;M;2000-02-02 00:00:00;1;2;04517002
1060;IVAN GONÄALVES DOS ANJOS;7200.00;M;2001-03-03 00:00:00;1;3;04517002
1061;MARINA PEREIRA LIMA BRANCHER;7300.00;F;1986-04-04 00:00:00;1;4;01317001
1062;ALEXANDRE TRINCA;7400.00;M;1977-05-05 00:00:00;1;5;04517002
1063;GERDA STOLL;7400.00;F;1974-06-06 00:00:00;1;6;01317001
1064;MONICA LUNGOV BUGELLI;7500.00;F;1960-07-07 00:00:00;1;7;01317001
1065;ANTONIO LUIZ LAURINDO;7500.00;M;1959-08-08 00:00:00;1;8;04517002
1066;ANTONIO MORETTI;9200.00;M;1971-09-09 00:00:00;1;9;04517002
1067;JOSê ROBERTO LAPOLLA JR;9300.00;M;1961-10-10 00:00:00;1;10;04517002
1068;CEC÷LIA ZIERZ FIKER;9400.00;F;1971-11-11 00:00:00;2;1;01317001
1069;AGENOR COSTA NETO;9300.00;M;1967-12-12 00:00:00;2;2;04517002
1070;MARIA HILDA CASALDERREY PROCHASKA;3000.00;F;1951-12-13 00:00:00;2;3;01317001
1071;FLµVIO CASANOVA;3200.00;M;1952-11-14 00:00:00;2;4;04517002
1072;ALO÷SIO FERREIRA DE ARAUJO;3100.00;M;1953-10-15 00:00:00;2;5;04517002
1073;ARNO ALOISIO GOETTEMS;4100.00;M;1954-09-16 00:00:00;2;6;04517002
1074;GABOR RADOCZA;4100.00;M;1955-08-17 00:00:00;2;7;04517002
1075;GENêSIO BRIANTI FILHO;4100.00;M;1956-07-18 00:00:00;2;8;04517002
1076;FRANCISCO EDUARDO CERIALLE;4200.00;M;1957-06-19 00:00:00;2;9;04517002
1077;DANIEL BRAZ;4300.00;M;1958-05-20 00:00:00;2;10;04517002
1078;REGINA GATTAI;4400.00;F;1959-04-21 00:00:00;3;1;01317001
1079;LUCIANA COSTA CORDEIRO;3500.00;F;1960-03-22 00:00:00;3;2;01317001
1080;ISABEL CRISTINA RAINHA;5100.00;F;1961-02-23 00:00:00;3;3;01317001
1081;JO«O PAULO FORDELONE;3600.00;M;1962-01-24 00:00:00;3;4;04517002
1082;CLAUDIO BARBOSA RECCO;3700.00;M;1963-02-25 00:00:00;3;5;04517002
1083;NORBERTO LOURENÄO NOGUEIRA JR.;3200.00;M;1964-03-26 00:00:00;3;6;04517002
1084;PATR÷CIA BRISOLA SIOMI CAVICCHIOLI;3800.00;F;1965-04-27 00:00:00;3;7;01317001
1085;CLINTON MARCICO RAMOS;3900.00;M;1966-05-28 00:00:00;3;8;04517002
1086;DêBORAH BULBARELLI VALENTINI;4000.00;F;1967-06-29 00:00:00;3;9;01317001
1087;MARA APARECIDA CHIAVATTA ZAMMAR;4000.00;F;1968-07-30 00:00:00;3;10;01317001
1088;RICARDO PANTE;4150.00;M;1969-08-01 00:00:00;4;1;04517002
1089;MARCELLO FUITEM;4300.00;M;1970-09-02 00:00:00;4;2;04517002
1090;VERA LÈCIA SIMONCELLO;2100.00;F;1971-10-03 00:00:00;4;3;01317001
1091;LÈCIA HELENA LINS VOLKART;2300.00;F;1972-11-04 00:00:00;4;4;01317001
1092;NIVALDO MARIANO DE PONTES;3300.00;M;1973-12-05 00:00:00;4;5;04517002
1093;MARIA DA GRAÄA RAMOS DE SANTIS;2300.00;F;1974-11-06 00:00:00;4;6;01317001
1094;NICOLAU ARTHUROVICH ATOIANTZ;2200.00;M;1974-10-07 00:00:00;4;7;04517002
1095;IGINO ROTTA;2000.00;M;1974-09-08 00:00:00;4;8;04517002
1096;ARMANDO DE SOUZA MAIA JUNIOR;2100.00;M;1975-08-09 00:00:00;4;9;04517002
1097;MARIA LUIZA DE ARAUJO FLEURY;22100.00;F;1976-07-10 00:00:00;4;10;01317001
1098;JOSê SêRGIO RAMOS;1100.00;M;1977-06-11 00:00:00;5;1;04517002
1099;NELSON REIS QUEDAS;12100.00;M;1978-09-12 00:00:00;5;2;04517002
1100;CARLA MURAD TULLIO;11100.00;F;1979-05-13 00:00:00;5;3;01317001
1101;RICARDO GURGEL AZZI;10100.00;F;1980-04-14 00:00:00;5;4;01317001
1102;DêCIO LUIZ BERNI;11100.00;M;1981-03-15 00:00:00;5;5;04517002
1103;GILBERTO GOMES;12100.00;M;1982-02-16 00:00:00;5;6;04517002
1104;RUBENS ALBERTO MORENO;12100.00;M;1983-01-17 00:00:00;5;7;04517002
1105;RUDOLF RIEDERER;17100.00;M;1984-02-18 00:00:00;5;8;04517002
1106;RENATA MASCARENHAS KFOURI DUARTE;18100.00;F;1985-03-19 00:00:00;5;9;01317001
1107;MARIA ROMILDA RIBEIRO MAGALH«ES;8100.00;F;1987-04-20 00:00:00;5;10;01317001
1108;MAURICIO FACCIOLI;8100.00;M;1986-05-21 00:00:00;6;1;04517002
1109;MIRIAM VALIM OLIVETTI;9100.00;F;1988-06-22 00:00:00;6;2;01317001
1110;TERESINHA DE JESUS DE FARIA FOSCHINI;9100.00;F;1989-07-23 00:00:00;6;3;01317001
1111;LIA MARA LEITE CERIALLE;9200.00;F;1990-08-24 00:00:00;6;4;01317001
1112;FERNANDO CESAR GOMES;9300.00;M;1991-09-25 00:00:00;6;5;04517002
1113;SIMONE GRECO;9300.00;F;1992-10-26 00:00:00;6;6;01317001
1114;LYDIA ESTELLE WELT;7400.00;F;1993-11-27 00:00:00;6;7;01317001
1115;MIGUEL AUGUSTO DE TOLEDO ARRUDA;7700.00;M;1994-12-28 00:00:00;6;8;04517002
1116;ODIR ALONSO JÈNIOR;7600.00;M;1995-11-29 00:00:00;6;9;04517002
1117;VERA LÈCIA DA COSTA TAMBURUS;7500.00;F;1996-10-30 00:00:00;6;10;01317001
1118;ANTONIO CêSAR PAZINATTO;7100.00;M;1997-09-01 00:00:00;7;1;04517002
1119;ANTONIO JOSê MALAVAZZI;7300.00;M;1998-08-07 00:00:00;7;2;04517002
1120;GILSON HENRIQUE JÈNIOR;7200.00;M;1999-09-02 00:00:00;7;3;04517002
1121;MARCOS DANIEL RODRIGUES BRANCHER;7400.00;M;2000-07-03 00:00:00;7;4;04517002
1122;MARIA LUISA BERARDI DE OLIVEIRA DE ANGELI;6100.00;F;2000-06-04 00:00:00;7;5;01317001
1123;ELENICE ZOGHBI COELHO LOBO;6600.00;F;1999-05-05 00:00:00;7;6;01317001
1124;MARIA EMILIA CAVALCANTI DE FARIA VIEIRA;6000.00;F;1998-04-06 00:00:00;7;7;01317001
1125;MARIA DE LOURDES CORR“A ROLIM;6100.00;F;1997-03-07 00:00:00;7;8;01317001
1126;REGINA CêLIA TOCCI DI GIUSEPPE;6200.00;F;1997-02-08 00:00:00;7;9;01317001
1127;TêRCIO BARBOSA RIGOLIN;6300.00;M;1996-01-09 00:00:00;7;10;04517002
1128;NOURIVAL DOMINGOS PARPINELLI;6400.00;M;1995-02-10 00:00:00;8;1;04517002
1129;ANA PAULA CARPINELLI;6500.00;F;1994-03-11 00:00:00;8;2;01317001
1130;ANTONIO FERREIRA DE CARVALHO JUNIOR;6600.00;M;1994-04-12 00:00:00;8;3;04517002
1131;CRISTINA GROSSOV;6700.00;F;1993-05-13 00:00:00;8;4;01317001
1132;MARCELO FRANQUELLA;6800.00;M;1992-06-14 00:00:00;8;5;04517002
1133;MARIA IZABEL ARAUJO EGUCHI;6900.00;F;1991-07-15 00:00:00;8;6;01317001
1134;ELIANE MARY CANESI FERREIRA;7800.00;F;1990-08-16 00:00:00;8;7;01317001
1135;RENATA MOMOE GUERRA;7200.00;F;1989-09-17 00:00:00;8;8;01317001
1136;MARSELY DE MARCO MARTINS DANTAS;5500.00;F;1988-10-18 00:00:00;8;9;01317001
1137;ELIANA MENDES NAVARRO SOARES;5500.00;F;1987-11-19 00:00:00;8;10;01317001
1138;ANDREIA DE FµTIMA SILVA;5400.00;F;1986-12-20 00:00:00;9;1;01317001
1139;LUIZ MµRCIO DOS SANTOS BERLFEIN;5300.00;M;1985-11-21 00:00:00;9;2;04517002
1140;PRISCILA MONTENEGRO SIQUEIRA DE MATOS LUIS;5200.00;F;1984-10-22 00:00:00;9;3;01317001
1141;ELISABETH FRANCISCA SANTORO CARLOS;5100.00;F;1983-09-23 00:00:00;9;4;01317001
1142;ELISABETH PEISSNER SERTORIO;7900.00;F;1972-08-24 00:00:00;9;5;01317001
1143;ELISABETH ROQUE BATISTA ALVES;5900.00;F;1982-07-25 00:00:00;9;6;01317001
1144;ELAINE CONCEIÄ«O MARQUEZINI SALLES;5800.00;F;1981-06-26 00:00:00;9;7;01317001
1145;LUCIANE MARIA CERRI;2500.00;F;1980-05-27 00:00:00;9;8;01317001
1146;MARIA ANGELA DE LIMA PEREIRA FERR«O;25100.00;F;1979-04-28 00:00:00;9;9;01317001
1147;VILMAR NAHUM DEL CASTILHO;27000.00;F;1978-03-29 00:00:00;9;10;01317001
1148;REGINA MAGDALENA PUGLIESE LIRA;25000.00;F;1977-02-28 00:00:00;10;1;01317001
1149;LUCIA HELENA ROCHA CAMPOS DA SILVA;11000.00;F;1976-01-01 00:00:00;10;2;01317001
1150;MARIA HELENA DE PAULA RODRIGUES;1100.00;F;1974-02-02 00:00:00;10;3;01317001
1151;REGINA MARIA CASTELO BRANCO;1200.00;F;1973-03-03 00:00:00;10;4;01317001
1152;WILSON BEZERRA DIAS;1200.00;M;1972-04-04 00:00:00;10;5;04517002
1153;CARLOTA CRISTINA SILVA QUEDAS;1300.00;F;1971-05-05 00:00:00;10;6;01317001
1154;SUZIANE DEGE MAGALH«ES MADUREIRA;1300.00;F;1970-06-06 00:00:00;10;7;01317001
1155;SANDRA MARIA MACEDO PEZETA;1500.00;F;1969-07-07 00:00:00;10;8;01317001
1156;JORGE SILVINO DA CUNHA NETO;1500.00;M;1968-08-08 00:00:00;10;9;04517002
1157;LUCIANE DEGE M. GONÄALVES DOS SANTOS;1700.00;F;1967-09-09 00:00:00;10;10;01317001
1158;HILDA MARIA FERNANDES PINHEIRO GUERRA;1700.00;F;1966-10-10 00:00:00;11;1;01317001
1159;VERIDIANA TINOCO CABRAL DE SOUZA ARANHA;19100.00;F;1965-11-11 00:00:00;11;2;01317001
1160;MARIA EDITH GUTFREUND FORMICOLA;1900.00;F;1964-12-12 00:00:00;11;3;01317001
1161;CYNTHIA NAGASSE;10100.00;F;1963-12-13 00:00:00;11;4;01317001
1162;FµTIMA AMARAL DIAS RISSI;1000.00;F;1962-11-14 00:00:00;11;5;01317001
1163;MARA ROSANA ALBREGARD CASSAS;11110.00;F;1961-10-15 00:00:00;11;6;01317001
1164;ANTONIO CARLOS DOS SANTOS;1200.00;M;1960-09-16 00:00:00;11;7;04517002
1165;ROBERTA PAULA GOMES DA SILVA MENDES;1400.00;F;1959-08-17 00:00:00;11;8;01317001
1166;DEBORA REGINA DIP;12100.00;F;1958-08-18 00:00:00;11;9;01317001
1167;ADELE GIANNATTASIO DECOUSSAU;16000.00;F;1957-07-19 00:00:00;11;10;01317001
1168;SANDRA AGUIAR PECCIOLI PAV«O;15000.00;F;1956-06-20 00:00:00;12;1;01317001
1169;ANNA SOFIA M.E.H. DONNERSMARCK DOWNEY;14000.00;F;1955-05-21 00:00:00;12;2;01317001
1170;NELSON CORREIA FONSECA;13000.00;M;1966-04-22 00:00:00;12;3;04517002
1171;RENATA RAMPAZO;12000.00;F;1954-03-23 00:00:00;12;4;01317001
1172;ILANA JANETE UZIEL;11000.00;F;1954-02-24 00:00:00;12;5;01317001
1173;WANDA MARIA PEREIRA DE S. PINHEIRO PRADO;10000.00;F;1955-01-25 00:00:00;12;6;01317001
1174;MARCO ANTONIO DE OLIVEIRA VASCONCELLOS PEREIRA;9000.00;M;1956-02-26 00:00:00;12;7;04517002
1175;FERNANDO LUIZ MEDICI;8000.00;M;1967-03-27 00:00:00;12;8;04517002
1176;DULCE REGINA GRELLET MACEDO TACOLA BECKER;7000.00;F;1957-04-28 00:00:00;12;9;01317001
1177;GLAUCIA BARCENA ALBERTONI;6000.00;F;1958-05-29 00:00:00;12;10;01317001
1178;SILVIA HELENA MIHOK FUERTES;5000.00;F;1959-06-30 00:00:00;13;1;01317001
1179;SIMONE SANCHES;4000.00;F;1960-07-01 00:00:00;13;2;01317001
1180;MARISTELA BASILE LOPES RIBEIRO;3000.00;F;1961-08-02 00:00:00;13;3;01317001
1181;LUCY MARTINS DE ANDRADE;2000.00;F;1964-09-03 00:00:00;13;4;01317001
1182;ANA LUCIA DESCAGNI ALVARES;21000.00;F;1964-10-04 00:00:00;13;5;01317001
1183;MµRCIA CRISTINA RIBEIRO DAVID DE SOUZA;20000.00;F;1965-11-05 00:00:00;13;6;01317001
1184;SAMANTHA ESPERANÄA ROSA;21100.00;F;1976-12-06 00:00:00;13;7;01317001
1185;MELISSA DE SOUZA PIERETTE ALBUQUERQUE DE PONTES;22500.00;F;1967-11-07 00:00:00;13;8;01317001
1186;PRISCILLA NEPOMUCENO CAMPOS MAIA;21500.00;F;1966-10-08 00:00:00;13;9;01317001
1187;SILVIA SALLES LEITE LOMBARDI;20500.00;F;1968-09-09 00:00:00;13;10;01317001
1188;FERNANDA ZALLA  SAMPAIO;19500.00;F;1969-08-10 00:00:00;14;1;01317001
1189;KARINA TAMBORLIM SIMÂES;18500.00;F;1970-07-11 00:00:00;14;2;01317001
1190;FERNANDA CASTANHO FRANCO MONTORO;17500.00;F;1970-06-12 00:00:00;14;3;01317001
1191;FERNANDA TOBLER BRANT DE CARVALHO MANTELLI;16500.00;F;1971-05-13 00:00:00;14;4;01317001
1192;DANIELA BORGES FRANCO;15500.00;F;1982-04-14 00:00:00;14;6;01317001
1193;CRISTIANE ALFIERI SALVAGNINI;14500.00;F;1972-03-14 00:00:00;14;6;01317001
1194;TATHIANA MARIA MAZZIERI LEITE;13500.00;F;1973-02-15 00:00:00;14;7;01317001
1195;SOFIA DINIZ JUNQUEIRA BUENO;12500.00;F;1974-01-16 00:00:00;14;8;01317001
1196;LIAMARA MONTAGNER SALAMANI;11500.00;F;1965-02-17 00:00:00;14;9;01317001
1197;CAMILA LENCI BOCCIA;10500.00;F;1975-03-18 00:00:00;14;10;01317001
1198;CLAUDIA AYRES;9500.00;F;1976-04-19 00:00:00;15;1;01317001
1199;ROSANE OLIVEIRA MODERNO SCHILLER;8500.00;F;1977-05-20 00:00:00;15;2;01317001
1200;VIVIAN SUELI DEVIDE MONTEIRO DE CASTRO;7500.00;F;1978-06-21 00:00:00;15;3;01317001
1201;SONIA SPEDO SPAGNUOLO;6500.00;F;1979-07-22 00:00:00;15;4;01317001
1202;ANA PAULA MACHADO DAVILA;5500.00;F;1980-08-23 00:00:00;15;5;01317001
1203;ALESSANDRA BONAZZA;4500.00;F;1981-09-24 00:00:00;15;6;01317001
1204;GEDEON LORANT GEZA PILLER;3500.00;M;1982-10-25 00:00:00;15;7;04517002
1205;MONICA H.CAMARGO;2500.00;F;1983-11-26 00:00:00;15;8;01317001
1206;CAMILA TRICARICO ALVIM;8200.00;F;1984-12-27 00:00:00;15;9;01317001
1207;GISELE PIRES MILANI;9100.00;F;1985-11-28 00:00:00;15;10;01317001
1208;SILVIA AMARAL HEYDENREICH;7200.00;F;1986-10-29 00:00:00;16;1;01317001
1209;SOLANGE SHIZUMI SAKAHARA YOKOYAMA;7100.00;F;1987-09-30 00:00:00;16;2;01317001
1210;LUCIANA MUSUMECCI NALON;8100.00;F;1988-08-30 00:00:00;16;3;01317001
1211;PATRICIA DINIZ OLIVEIRA;6900.00;F;1989-07-29 00:00:00;16;4;01317001
1212;CATIA APARECIDA FITTIPALDI GUEDES;4900.00;F;1990-06-28 00:00:00;16;4;01317001
1213;CATIA JACIANE DE LIMA FERREIRA;4700.00;F;1991-05-27 00:00:00;16;5;01317001
1214;ALESSANDRA MARIA NOGUEIRA DA ROCHA CARVALHO;7800.00;F;1992-09-26 00:00:00;16;6;01317001
1215;CAMILA MACHADO ASSUMPCAO;6500.00;F;1993-04-25 00:00:00;16;7;01317001
1216;LUCIANA ROCHA LEITE PIMENTA;9800.00;F;1994-03-24 00:00:00;16;8;01317001
1217;MAYUMI TAKAI;8900.00;F;1994-02-23 00:00:00;16;9;01317001
1218;RAQUEL DOS SANTOS FUNARI;17500.00;F;1995-01-22 00:00:00;16;10;01317001
1219;CRISTINA ALEXANDRE TAVARES;17400.00;F;1996-02-21 00:00:00;17;1;01317001
1220;LUCIANA TADDEI;12100.00;F;1997-03-20 00:00:00;17;2;01317001
1221;KARIN CµMARA GARZ‡N;13100.00;F;1998-04-19 00:00:00;17;3;01317001
1222;JULIANA KALLAY DEL AQUILLA;14100.00;F;1999-05-18 00:00:00;17;4;01317001
1223;MARCIA KUPTAS;15100.00;F;1998-06-17 00:00:00;17;5;01317001
1224;MARIA AURORA DE JESUS FERREIRA PRIMUK;15100.00;F;1997-07-16 00:00:00;17;6;01317001
1225;MARILZA MARCONDES PAIM;14100.00;F;1996-08-15 00:00:00;17;7;01317001
1226;LUCIENE HESSEL FOGAÄA OLIVEIRA;14100.00;F;1995-09-14 00:00:00;17;8;01317001
1227;ELIZABETE ROSIM FACHINI SPARAPAM;14100.00;F;1994-10-13 00:00:00;17;9;01317001
1228;ELIANA SINISCALCHI DE SOUZA;12900.00;F;1993-11-12 00:00:00;17;10;01317001
1229;MARIA LU÷ZA BORGHI;12900.00;F;1992-12-11 00:00:00;18;1;01317001
1230;FERNANDA CONTI MARCONDES;12900.00;F;1991-11-10 00:00:00;18;2;01317001
1231;MARIZE MEDEIROS BORGES;11110.00;F;1990-10-09 00:00:00;18;3;01317001
1232;KARIN MACHADO GRIESINGER DE CORR“A LEITE;11110.00;F;1989-09-08 00:00:00;18;4;01317001
1233;BENEDITA APARECIDA TURIM;11110.00;F;1989-09-07 00:00:00;18;5;01317001
1234;MELISSA DE SOUZA PIERETTE A. PONTES;11110.00;F;1988-08-06 00:00:00;18;6;01317001
1235;LILIANA ALMEIDA ROSA OZ‡RIO;9200.00;F;1987-07-05 00:00:00;18;7;01317001
1236;KµTIA STEFFEN BRIANTI;9200.00;F;1986-06-04 00:00:00;18;8;01317001
1237;JANINE DEMARTIS GRANJA;9600.00;F;1985-05-03 00:00:00;18;9;01317001
1238;CAMILA BIERRENBACH PEREIRA DE QUEIROZ;9700.00;F;1984-04-02 00:00:00;18;10;01317001
1239;LILIANE DA SILVA CRUZ;9900.00;F;1983-03-01 00:00:00;19;1;01317001
1240;WAGNER ALBERTO DE SOUZA;8300.00;F;1982-02-02 00:00:00;19;2;01317001
1241;FERNANDA MORAIS MACHADO GOMES;2100.00;F;1981-01-03 00:00:00;19;3;01317001
1242;ERIKA CRISTINA LOBO;3100.00;F;1980-02-04 00:00:00;19;4;01317001
1243;PAULA SINTI;4100.00;F;1979-03-05 00:00:00;19;5;01317001
1244;MARCIA CAMPINAS PIMENTEL;5100.00;F;1978-04-06 00:00:00;19;6;01317001
1245;ALEXANDRE RIBEIRO MEYER PFLUG;6100.00;M;1977-05-07 00:00:00;19;7;04517002
1246;ROBERTO KOJI MURASAKI;7300.00;M;1976-06-08 00:00:00;19;8;04517002
1247;TEDDY CHU PALOU;8400.00;F;1975-07-09 00:00:00;19;9;01317001
1248;PAULO SOARES;6500.00;M;2020-05-14 00:00:00;6;6;04517002
1249;LUIZ GUSTAVO;5000.00;M;2020-05-15 00:00:00;16;7;04517002
1250;LUIZ GUSTAVO;5000.00;M;2020-05-15 00:00:00;10;7;04517002
1251;LUIZ GUSTAVO;5000.00;M;2020-05-15 00:00:00;10;7;04517002
1252;JULIA MARCONDES;11000.00;F;2020-05-22 00:00:00;9;7;01317001
1253;ANA MARIA SOARES;17000.00;F;2000-05-01 00:00:00;1;1;01317001
1254;LUCIANO DE ARAÈJO;8000.00;M;2001-03-03 00:00:00;2;2;04517002
1255;VICT‡RIA MAGALH«ES;7000.00;F;2004-10-04 00:00:00;3;3;01317001
1256;CARLOS ROBERTO SILVA;5000.00;M;1999-08-06 00:00:00;4;4;04517002
1257;GLORIA MARIA DE SOUZA;4000.00;F;2003-09-01 00:00:00;5;5;01317001
1258;BEATRIZ DE OLIVEIRA;2800.00;F;2002-11-02 00:00:00;7;7;01317001
1259;MARIA APARECIDA DE JESUS;4500.00;F;2006-05-07 00:00:00;9;9;01317001
1260;VICENTE JOSE DOS SANTOS;5000.00;M;2005-11-07 00:00:00;10;10;04517002
1261;SERGIO DE ALMEIDA PRADO;7700.00;M;2005-11-05 00:00:00;1;2;04517002
1262;SILVIO BRAGANÄA;6500.00;M;1995-10-10 00:00:00;3;7;04517002
1263;MARISA BARBOSA;7100.00;F;2006-09-07 00:00:00;5;6;01317001
1264;DIRCE SPEDO RODRIGUES MORETTI;8100.00;F;2001-01-01 00:00:00;1;1;01317001
1265;ANDRê LUIZ ARID;9100.00;M;2000-02-02 00:00:00;1;2;04517002
1266;IVAN GONÄALVES DOS ANJOS;7200.00;M;2001-03-03 00:00:00;1;3;04517002
1267;MARINA PEREIRA LIMA BRANCHER;7300.00;F;1986-04-04 00:00:00;1;4;01317001
1268;ALEXANDRE TRINCA;7400.00;M;1977-05-05 00:00:00;1;5;04517002
1269;GERDA STOLL;7400.00;F;1974-06-06 00:00:00;1;6;01317001
1270;MONICA LUNGOV BUGELLI;7500.00;F;1960-07-07 00:00:00;1;7;01317001
1271;ANTONIO LUIZ LAURINDO;7500.00;M;1959-08-08 00:00:00;1;8;04517002
1272;ANTONIO MORETTI;9200.00;M;1971-09-09 00:00:00;1;9;04517002
1273;JOSê ROBERTO LAPOLLA JR;9300.00;M;1961-10-10 00:00:00;1;10;04517002
1274;CEC÷LIA ZIERZ FIKER;9400.00;F;1971-11-11 00:00:00;2;1;01317001
1275;AGENOR COSTA NETO;9300.00;M;1967-12-12 00:00:00;2;2;04517002
1276;MARIA HILDA CASALDERREY PROCHASKA;3000.00;F;1951-12-13 00:00:00;2;3;01317001
1277;FLµVIO CASANOVA;3200.00;M;1952-11-14 00:00:00;2;4;04517002
1278;ALO÷SIO FERREIRA DE ARAUJO;3100.00;M;1953-10-15 00:00:00;2;5;04517002
1279;ARNO ALOISIO GOETTEMS;4100.00;M;1954-09-16 00:00:00;2;6;04517002
1280;GABOR RADOCZA;4100.00;M;1955-08-17 00:00:00;2;7;04517002
1281;GENêSIO BRIANTI FILHO;4100.00;M;1956-07-18 00:00:00;2;8;04517002
1282;FRANCISCO EDUARDO CERIALLE;4200.00;M;1957-06-19 00:00:00;2;9;04517002
1283;DANIEL BRAZ;4300.00;M;1958-05-20 00:00:00;2;10;04517002
1284;REGINA GATTAI;4400.00;F;1959-04-21 00:00:00;3;1;01317001
1285;LUCIANA COSTA CORDEIRO;3500.00;F;1960-03-22 00:00:00;3;2;01317001
1286;ISABEL CRISTINA RAINHA;5100.00;F;1961-02-23 00:00:00;3;3;01317001
1287;JO«O PAULO FORDELONE;3600.00;M;1962-01-24 00:00:00;3;4;04517002
1288;CLAUDIO BARBOSA RECCO;3700.00;M;1963-02-25 00:00:00;3;5;04517002
1289;NORBERTO LOURENÄO NOGUEIRA JR.;3200.00;M;1964-03-26 00:00:00;3;6;04517002
1290;PATR÷CIA BRISOLA SIOMI CAVICCHIOLI;3800.00;F;1965-04-27 00:00:00;3;7;01317001
1291;CLINTON MARCICO RAMOS;3900.00;M;1966-05-28 00:00:00;3;8;04517002
1292;DêBORAH BULBARELLI VALENTINI;4000.00;F;1967-06-29 00:00:00;3;9;01317001
1293;MARA APARECIDA CHIAVATTA ZAMMAR;4000.00;F;1968-07-30 00:00:00;3;10;01317001
1294;RICARDO PANTE;4150.00;M;1969-08-01 00:00:00;4;1;04517002
1295;MARCELLO FUITEM;4300.00;M;1970-09-02 00:00:00;4;2;04517002
1296;VERA LÈCIA SIMONCELLO;2100.00;F;1971-10-03 00:00:00;4;3;01317001
1297;LÈCIA HELENA LINS VOLKART;2300.00;F;1972-11-04 00:00:00;4;4;01317001
1298;NIVALDO MARIANO DE PONTES;3300.00;M;1973-12-05 00:00:00;4;5;04517002
1299;MARIA DA GRAÄA RAMOS DE SANTIS;2300.00;F;1974-11-06 00:00:00;4;6;01317001
1300;NICOLAU ARTHUROVICH ATOIANTZ;2200.00;M;1974-10-07 00:00:00;4;7;04517002
1301;IGINO ROTTA;2000.00;M;1974-09-08 00:00:00;4;8;04517002
1302;ARMANDO DE SOUZA MAIA JUNIOR;2100.00;M;1975-08-09 00:00:00;4;9;04517002
1303;MARIA LUIZA DE ARAUJO FLEURY;22100.00;F;1976-07-10 00:00:00;4;10;01317001
1304;JOSê SêRGIO RAMOS;1100.00;M;1977-06-11 00:00:00;5;1;04517002
1305;NELSON REIS QUEDAS;12100.00;M;1978-09-12 00:00:00;5;2;04517002
1306;CARLA MURAD TULLIO;11100.00;F;1979-05-13 00:00:00;5;3;01317001
1307;RICARDO GURGEL AZZI;10100.00;F;1980-04-14 00:00:00;5;4;01317001
1308;DêCIO LUIZ BERNI;11100.00;M;1981-03-15 00:00:00;5;5;04517002
1309;GILBERTO GOMES;12100.00;M;1982-02-16 00:00:00;5;6;04517002
1310;RUBENS ALBERTO MORENO;12100.00;M;1983-01-17 00:00:00;5;7;04517002
1311;RUDOLF RIEDERER;17100.00;M;1984-02-18 00:00:00;5;8;04517002
1312;RENATA MASCARENHAS KFOURI DUARTE;18100.00;F;1985-03-19 00:00:00;5;9;01317001
1313;MARIA ROMILDA RIBEIRO MAGALH«ES;8100.00;F;1987-04-20 00:00:00;5;10;01317001
1314;MAURICIO FACCIOLI;8100.00;M;1986-05-21 00:00:00;6;1;04517002
1315;MIRIAM VALIM OLIVETTI;9100.00;F;1988-06-22 00:00:00;6;2;01317001
1316;TERESINHA DE JESUS DE FARIA FOSCHINI;9100.00;F;1989-07-23 00:00:00;6;3;01317001
1317;LIA MARA LEITE CERIALLE;9200.00;F;1990-08-24 00:00:00;6;4;01317001
1318;FERNANDO CESAR GOMES;9300.00;M;1991-09-25 00:00:00;6;5;04517002
1319;SIMONE GRECO;9300.00;F;1992-10-26 00:00:00;6;6;01317001
1320;LYDIA ESTELLE WELT;7400.00;F;1993-11-27 00:00:00;6;7;01317001
1321;MIGUEL AUGUSTO DE TOLEDO ARRUDA;7700.00;M;1994-12-28 00:00:00;6;8;04517002
1322;ODIR ALONSO JÈNIOR;7600.00;M;1995-11-29 00:00:00;6;9;04517002
1323;VERA LÈCIA DA COSTA TAMBURUS;7500.00;F;1996-10-30 00:00:00;6;10;01317001
1324;ANTONIO CêSAR PAZINATTO;7100.00;M;1997-09-01 00:00:00;7;1;04517002
1325;ANTONIO JOSê MALAVAZZI;7300.00;M;1998-08-07 00:00:00;7;2;04517002
1326;GILSON HENRIQUE JÈNIOR;7200.00;M;1999-09-02 00:00:00;7;3;04517002
1327;MARCOS DANIEL RODRIGUES BRANCHER;7400.00;M;2000-07-03 00:00:00;7;4;04517002
1328;MARIA LUISA BERARDI DE OLIVEIRA DE ANGELI;6100.00;F;2000-06-04 00:00:00;7;5;01317001
1329;ELENICE ZOGHBI COELHO LOBO;6600.00;F;1999-05-05 00:00:00;7;6;01317001
1330;MARIA EMILIA CAVALCANTI DE FARIA VIEIRA;6000.00;F;1998-04-06 00:00:00;7;7;01317001
1331;MARIA DE LOURDES CORR“A ROLIM;6100.00;F;1997-03-07 00:00:00;7;8;01317001
1332;REGINA CêLIA TOCCI DI GIUSEPPE;6200.00;F;1997-02-08 00:00:00;7;9;01317001
1333;TêRCIO BARBOSA RIGOLIN;6300.00;M;1996-01-09 00:00:00;7;10;04517002
1334;NOURIVAL DOMINGOS PARPINELLI;6400.00;M;1995-02-10 00:00:00;8;1;04517002
1335;ANA PAULA CARPINELLI;6500.00;F;1994-03-11 00:00:00;8;2;01317001
1336;ANTONIO FERREIRA DE CARVALHO JUNIOR;6600.00;M;1994-04-12 00:00:00;8;3;04517002
1337;CRISTINA GROSSOV;6700.00;F;1993-05-13 00:00:00;8;4;01317001
1338;MARCELO FRANQUELLA;6800.00;M;1992-06-14 00:00:00;8;5;04517002
1339;MARIA IZABEL ARAUJO EGUCHI;6900.00;F;1991-07-15 00:00:00;8;6;01317001
1340;ELIANE MARY CANESI FERREIRA;7800.00;F;1990-08-16 00:00:00;8;7;01317001
1341;RENATA MOMOE GUERRA;7200.00;F;1989-09-17 00:00:00;8;8;01317001
1342;MARSELY DE MARCO MARTINS DANTAS;5500.00;F;1988-10-18 00:00:00;8;9;01317001
1343;ELIANA MENDES NAVARRO SOARES;5500.00;F;1987-11-19 00:00:00;8;10;01317001
1344;ANDREIA DE FµTIMA SILVA;5400.00;F;1986-12-20 00:00:00;9;1;01317001
1345;LUIZ MµRCIO DOS SANTOS BERLFEIN;5300.00;M;1985-11-21 00:00:00;9;2;04517002
1346;PRISCILA MONTENEGRO SIQUEIRA DE MATOS LUIS;5200.00;F;1984-10-22 00:00:00;9;3;01317001
1347;ELISABETH FRANCISCA SANTORO CARLOS;5100.00;F;1983-09-23 00:00:00;9;4;01317001
1348;ELISABETH PEISSNER SERTORIO;7900.00;F;1972-08-24 00:00:00;9;5;01317001
1349;ELISABETH ROQUE BATISTA ALVES;5900.00;F;1982-07-25 00:00:00;9;6;01317001
1350;ELAINE CONCEIÄ«O MARQUEZINI SALLES;5800.00;F;1981-06-26 00:00:00;9;7;01317001
1351;LUCIANE MARIA CERRI;2500.00;F;1980-05-27 00:00:00;9;8;01317001
1352;MARIA ANGELA DE LIMA PEREIRA FERR«O;25100.00;F;1979-04-28 00:00:00;9;9;01317001
1353;VILMAR NAHUM DEL CASTILHO;27000.00;F;1978-03-29 00:00:00;9;10;01317001
1354;REGINA MAGDALENA PUGLIESE LIRA;25000.00;F;1977-02-28 00:00:00;10;1;01317001
1355;LUCIA HELENA ROCHA CAMPOS DA SILVA;11000.00;F;1976-01-01 00:00:00;10;2;01317001
1356;MARIA HELENA DE PAULA RODRIGUES;1100.00;F;1974-02-02 00:00:00;10;3;01317001
1357;REGINA MARIA CASTELO BRANCO;1200.00;F;1973-03-03 00:00:00;10;4;01317001
1358;WILSON BEZERRA DIAS;1200.00;M;1972-04-04 00:00:00;10;5;04517002
1359;CARLOTA CRISTINA SILVA QUEDAS;1300.00;F;1971-05-05 00:00:00;10;6;01317001
1360;SUZIANE DEGE MAGALH«ES MADUREIRA;1300.00;F;1970-06-06 00:00:00;10;7;01317001
1361;SANDRA MARIA MACEDO PEZETA;1500.00;F;1969-07-07 00:00:00;10;8;01317001
1362;JORGE SILVINO DA CUNHA NETO;1500.00;M;1968-08-08 00:00:00;10;9;04517002
1363;LUCIANE DEGE M. GONÄALVES DOS SANTOS;1700.00;F;1967-09-09 00:00:00;10;10;01317001
1364;HILDA MARIA FERNANDES PINHEIRO GUERRA;1700.00;F;1966-10-10 00:00:00;11;1;01317001
1365;VERIDIANA TINOCO CABRAL DE SOUZA ARANHA;19100.00;F;1965-11-11 00:00:00;11;2;01317001
1366;MARIA EDITH GUTFREUND FORMICOLA;1900.00;F;1964-12-12 00:00:00;11;3;01317001
1367;CYNTHIA NAGASSE;10100.00;F;1963-12-13 00:00:00;11;4;01317001
1368;FµTIMA AMARAL DIAS RISSI;1000.00;F;1962-11-14 00:00:00;11;5;01317001
1369;MARA ROSANA ALBREGARD CASSAS;11110.00;F;1961-10-15 00:00:00;11;6;01317001
1370;ANTONIO CARLOS DOS SANTOS;1200.00;M;1960-09-16 00:00:00;11;7;04517002
1371;ROBERTA PAULA GOMES DA SILVA MENDES;1400.00;F;1959-08-17 00:00:00;11;8;01317001
1372;DEBORA REGINA DIP;12100.00;F;1958-08-18 00:00:00;11;9;01317001
1373;ADELE GIANNATTASIO DECOUSSAU;16000.00;F;1957-07-19 00:00:00;11;10;01317001
1374;SANDRA AGUIAR PECCIOLI PAV«O;15000.00;F;1956-06-20 00:00:00;12;1;01317001
1375;ANNA SOFIA M.E.H. DONNERSMARCK DOWNEY;14000.00;F;1955-05-21 00:00:00;12;2;01317001
1376;NELSON CORREIA FONSECA;13000.00;M;1966-04-22 00:00:00;12;3;04517002
1377;RENATA RAMPAZO;12000.00;F;1954-03-23 00:00:00;12;4;01317001
1378;ILANA JANETE UZIEL;11000.00;F;1954-02-24 00:00:00;12;5;01317001
1379;WANDA MARIA PEREIRA DE S. PINHEIRO PRADO;10000.00;F;1955-01-25 00:00:00;12;6;01317001
1380;MARCO ANTONIO DE OLIVEIRA VASCONCELLOS PEREIRA;9000.00;M;1956-02-26 00:00:00;12;7;04517002
1381;FERNANDO LUIZ MEDICI;8000.00;M;1967-03-27 00:00:00;12;8;04517002
1382;DULCE REGINA GRELLET MACEDO TACOLA BECKER;7000.00;F;1957-04-28 00:00:00;12;9;01317001
1383;GLAUCIA BARCENA ALBERTONI;6000.00;F;1958-05-29 00:00:00;12;10;01317001
1384;SILVIA HELENA MIHOK FUERTES;5000.00;F;1959-06-30 00:00:00;13;1;01317001
1385;SIMONE SANCHES;4000.00;F;1960-07-01 00:00:00;13;2;01317001
1386;MARISTELA BASILE LOPES RIBEIRO;3000.00;F;1961-08-02 00:00:00;13;3;01317001
1387;LUCY MARTINS DE ANDRADE;2000.00;F;1964-09-03 00:00:00;13;4;01317001
1388;ANA LUCIA DESCAGNI ALVARES;21000.00;F;1964-10-04 00:00:00;13;5;01317001
1389;MµRCIA CRISTINA RIBEIRO DAVID DE SOUZA;20000.00;F;1965-11-05 00:00:00;13;6;01317001
1390;SAMANTHA ESPERANÄA ROSA;21100.00;F;1976-12-06 00:00:00;13;7;01317001
1391;MELISSA DE SOUZA PIERETTE ALBUQUERQUE DE PONTES;22500.00;F;1967-11-07 00:00:00;13;8;01317001
1392;PRISCILLA NEPOMUCENO CAMPOS MAIA;21500.00;F;1966-10-08 00:00:00;13;9;01317001
1393;SILVIA SALLES LEITE LOMBARDI;20500.00;F;1968-09-09 00:00:00;13;10;01317001
1394;FERNANDA ZALLA  SAMPAIO;19500.00;F;1969-08-10 00:00:00;14;1;01317001
1395;KARINA TAMBORLIM SIMÂES;18500.00;F;1970-07-11 00:00:00;14;2;01317001
1396;FERNANDA CASTANHO FRANCO MONTORO;17500.00;F;1970-06-12 00:00:00;14;3;01317001
1397;FERNANDA TOBLER BRANT DE CARVALHO MANTELLI;16500.00;F;1971-05-13 00:00:00;14;4;01317001
1398;DANIELA BORGES FRANCO;15500.00;F;1982-04-14 00:00:00;14;6;01317001
1399;CRISTIANE ALFIERI SALVAGNINI;14500.00;F;1972-03-14 00:00:00;14;6;01317001
1400;TATHIANA MARIA MAZZIERI LEITE;13500.00;F;1973-02-15 00:00:00;14;7;01317001
1401;SOFIA DINIZ JUNQUEIRA BUENO;12500.00;F;1974-01-16 00:00:00;14;8;01317001
1402;LIAMARA MONTAGNER SALAMANI;11500.00;F;1965-02-17 00:00:00;14;9;01317001
1403;CAMILA LENCI BOCCIA;10500.00;F;1975-03-18 00:00:00;14;10;01317001
1404;CLAUDIA AYRES;9500.00;F;1976-04-19 00:00:00;15;1;01317001
1405;ROSANE OLIVEIRA MODERNO SCHILLER;8500.00;F;1977-05-20 00:00:00;15;2;01317001
1406;VIVIAN SUELI DEVIDE MONTEIRO DE CASTRO;7500.00;F;1978-06-21 00:00:00;15;3;01317001
1407;SONIA SPEDO SPAGNUOLO;6500.00;F;1979-07-22 00:00:00;15;4;01317001
1408;ANA PAULA MACHADO DAVILA;5500.00;F;1980-08-23 00:00:00;15;5;01317001
1409;ALESSANDRA BONAZZA;4500.00;F;1981-09-24 00:00:00;15;6;01317001
1410;GEDEON LORANT GEZA PILLER;3500.00;M;1982-10-25 00:00:00;15;7;04517002
1411;MONICA H.CAMARGO;2500.00;F;1983-11-26 00:00:00;15;8;01317001
1412;CAMILA TRICARICO ALVIM;8200.00;F;1984-12-27 00:00:00;15;9;01317001
1413;GISELE PIRES MILANI;9100.00;F;1985-11-28 00:00:00;15;10;01317001
1414;SILVIA AMARAL HEYDENREICH;7200.00;F;1986-10-29 00:00:00;16;1;01317001
1415;SOLANGE SHIZUMI SAKAHARA YOKOYAMA;7100.00;F;1987-09-30 00:00:00;16;2;01317001
1416;LUCIANA MUSUMECCI NALON;8100.00;F;1988-08-30 00:00:00;16;3;01317001
1417;PATRICIA DINIZ OLIVEIRA;6900.00;F;1989-07-29 00:00:00;16;4;01317001
1418;CATIA APARECIDA FITTIPALDI GUEDES;4900.00;F;1990-06-28 00:00:00;16;4;01317001
1419;CATIA JACIANE DE LIMA FERREIRA;4700.00;F;1991-05-27 00:00:00;16;5;01317001
1420;ALESSANDRA MARIA NOGUEIRA DA ROCHA CARVALHO;7800.00;F;1992-09-26 00:00:00;16;6;01317001
1421;CAMILA MACHADO ASSUMPCAO;6500.00;F;1993-04-25 00:00:00;16;7;01317001
1422;LUCIANA ROCHA LEITE PIMENTA;9800.00;F;1994-03-24 00:00:00;16;8;01317001
1423;MAYUMI TAKAI;8900.00;F;1994-02-23 00:00:00;16;9;01317001
1424;RAQUEL DOS SANTOS FUNARI;17500.00;F;1995-01-22 00:00:00;16;10;01317001
1425;CRISTINA ALEXANDRE TAVARES;17400.00;F;1996-02-21 00:00:00;17;1;01317001
1426;LUCIANA TADDEI;12100.00;F;1997-03-20 00:00:00;17;2;01317001
1427;KARIN CµMARA GARZ‡N;13100.00;F;1998-04-19 00:00:00;17;3;01317001
1428;JULIANA KALLAY DEL AQUILLA;14100.00;F;1999-05-18 00:00:00;17;4;01317001
1429;MARCIA KUPTAS;15100.00;F;1998-06-17 00:00:00;17;5;01317001
1430;MARIA AURORA DE JESUS FERREIRA PRIMUK;15100.00;F;1997-07-16 00:00:00;17;6;01317001
1431;MARILZA MARCONDES PAIM;14100.00;F;1996-08-15 00:00:00;17;7;01317001
1432;LUCIENE HESSEL FOGAÄA OLIVEIRA;14100.00;F;1995-09-14 00:00:00;17;8;01317001
1433;ELIZABETE ROSIM FACHINI SPARAPAM;14100.00;F;1994-10-13 00:00:00;17;9;01317001
1434;ELIANA SINISCALCHI DE SOUZA;12900.00;F;1993-11-12 00:00:00;17;10;01317001
1435;MARIA LU÷ZA BORGHI;12900.00;F;1992-12-11 00:00:00;18;1;01317001
1436;FERNANDA CONTI MARCONDES;12900.00;F;1991-11-10 00:00:00;18;2;01317001
1437;MARIZE MEDEIROS BORGES;11110.00;F;1990-10-09 00:00:00;18;3;01317001
1438;KARIN MACHADO GRIESINGER DE CORR“A LEITE;11110.00;F;1989-09-08 00:00:00;18;4;01317001
1439;BENEDITA APARECIDA TURIM;11110.00;F;1989-09-07 00:00:00;18;5;01317001
1440;MELISSA DE SOUZA PIERETTE A. PONTES;11110.00;F;1988-08-06 00:00:00;18;6;01317001
1441;LILIANA ALMEIDA ROSA OZ‡RIO;9200.00;F;1987-07-05 00:00:00;18;7;01317001
1442;KµTIA STEFFEN BRIANTI;9200.00;F;1986-06-04 00:00:00;18;8;01317001
1443;JANINE DEMARTIS GRANJA;9600.00;F;1985-05-03 00:00:00;18;9;01317001
1444;CAMILA BIERRENBACH PEREIRA DE QUEIROZ;9700.00;F;1984-04-02 00:00:00;18;10;01317001
1445;LILIANE DA SILVA CRUZ;9900.00;F;1983-03-01 00:00:00;19;1;01317001
1446;WAGNER ALBERTO DE SOUZA;8300.00;F;1982-02-02 00:00:00;19;2;01317001
1447;FERNANDA MORAIS MACHADO GOMES;2100.00;F;1981-01-03 00:00:00;19;3;01317001
1448;ERIKA CRISTINA LOBO;3100.00;F;1980-02-04 00:00:00;19;4;01317001
1449;PAULA SINTI;4100.00;F;1979-03-05 00:00:00;19;5;01317001
1450;MARCIA CAMPINAS PIMENTEL;5100.00;F;1978-04-06 00:00:00;19;6;01317001
1451;ALEXANDRE RIBEIRO MEYER PFLUG;6100.00;M;1977-05-07 00:00:00;19;7;04517002
1452;ROBERTO KOJI MURASAKI;7300.00;M;1976-06-08 00:00:00;19;8;04517002
1453;TEDDY CHU PALOU;8400.00;F;1975-07-09 00:00:00;19;9;01317001
1454;PAULO SOARES;6500.00;M;2020-05-14 00:00:00;6;6;04517002
1455;LUIZ GUSTAVO;5000.00;M;2020-05-15 00:00:00;16;7;04517002
1456;LUIZ GUSTAVO;5000.00;M;2020-05-15 00:00:00;10;7;04517002
1457;LUIZ GUSTAVO;5000.00;M;2020-05-15 00:00:00;10;7;04517002
1458;JULIA MARCONDES;11000.00;F;2020-05-22 00:00:00;9;7;01317001
1459;ANA MARIA SOARES;17000.00;F;2000-05-01 00:00:00;1;1;01317001
1460;LUCIANO DE ARAÈJO;8000.00;M;2001-03-03 00:00:00;2;2;04517002
1461;VICT‡RIA MAGALH«ES;7000.00;F;2004-10-04 00:00:00;3;3;01317001
1462;CARLOS ROBERTO SILVA;5000.00;M;1999-08-06 00:00:00;4;4;04517002
1463;GLORIA MARIA DE SOUZA;4000.00;F;2003-09-01 00:00:00;5;5;01317001
1464;BEATRIZ DE OLIVEIRA;2800.00;F;2002-11-02 00:00:00;7;7;01317001
1465;MARIA APARECIDA DE JESUS;4500.00;F;2006-05-07 00:00:00;9;9;01317001
1466;VICENTE JOSE DOS SANTOS;5000.00;M;2005-11-07 00:00:00;10;10;04517002
1467;SERGIO DE ALMEIDA PRADO;7700.00;M;2005-11-05 00:00:00;1;2;04517002
1468;SILVIO BRAGANÄA;6500.00;M;1995-10-10 00:00:00;3;7;04517002
1469;MARISA BARBOSA;7100.00;F;2006-09-07 00:00:00;5;6;01317001
1470;DIRCE SPEDO RODRIGUES MORETTI;8100.00;F;2001-01-01 00:00:00;1;1;01317001
1471;ANDRê LUIZ ARID;9100.00;M;2000-02-02 00:00:00;1;2;04517002
1472;IVAN GONÄALVES DOS ANJOS;7200.00;M;2001-03-03 00:00:00;1;3;04517002
1473;MARINA PEREIRA LIMA BRANCHER;7300.00;F;1986-04-04 00:00:00;1;4;01317001
1474;ALEXANDRE TRINCA;7400.00;M;1977-05-05 00:00:00;1;5;04517002
1475;GERDA STOLL;7400.00;F;1974-06-06 00:00:00;1;6;01317001
1476;MONICA LUNGOV BUGELLI;7500.00;F;1960-07-07 00:00:00;1;7;01317001
1477;ANTONIO LUIZ LAURINDO;7500.00;M;1959-08-08 00:00:00;1;8;04517002
1478;ANTONIO MORETTI;9200.00;M;1971-09-09 00:00:00;1;9;04517002
1479;JOSê ROBERTO LAPOLLA JR;9300.00;M;1961-10-10 00:00:00;1;10;04517002
1480;CEC÷LIA ZIERZ FIKER;9400.00;F;1971-11-11 00:00:00;2;1;01317001
1481;AGENOR COSTA NETO;9300.00;M;1967-12-12 00:00:00;2;2;04517002
1482;MARIA HILDA CASALDERREY PROCHASKA;3000.00;F;1951-12-13 00:00:00;2;3;01317001
1483;FLµVIO CASANOVA;3200.00;M;1952-11-14 00:00:00;2;4;04517002
1484;ALO÷SIO FERREIRA DE ARAUJO;3100.00;M;1953-10-15 00:00:00;2;5;04517002
1485;ARNO ALOISIO GOETTEMS;4100.00;M;1954-09-16 00:00:00;2;6;04517002
1486;GABOR RADOCZA;4100.00;M;1955-08-17 00:00:00;2;7;04517002
1487;GENêSIO BRIANTI FILHO;4100.00;M;1956-07-18 00:00:00;2;8;04517002
1488;FRANCISCO EDUARDO CERIALLE;4200.00;M;1957-06-19 00:00:00;2;9;04517002
1489;DANIEL BRAZ;4300.00;M;1958-05-20 00:00:00;2;10;04517002
1490;REGINA GATTAI;4400.00;F;1959-04-21 00:00:00;3;1;01317001
1491;LUCIANA COSTA CORDEIRO;3500.00;F;1960-03-22 00:00:00;3;2;01317001
1492;ISABEL CRISTINA RAINHA;5100.00;F;1961-02-23 00:00:00;3;3;01317001
1493;JO«O PAULO FORDELONE;3600.00;M;1962-01-24 00:00:00;3;4;04517002
1494;CLAUDIO BARBOSA RECCO;3700.00;M;1963-02-25 00:00:00;3;5;04517002
1495;NORBERTO LOURENÄO NOGUEIRA JR.;3200.00;M;1964-03-26 00:00:00;3;6;04517002
1496;PATR÷CIA BRISOLA SIOMI CAVICCHIOLI;3800.00;F;1965-04-27 00:00:00;3;7;01317001
1497;CLINTON MARCICO RAMOS;3900.00;M;1966-05-28 00:00:00;3;8;04517002
1498;DêBORAH BULBARELLI VALENTINI;4000.00;F;1967-06-29 00:00:00;3;9;01317001
1499;MARA APARECIDA CHIAVATTA ZAMMAR;4000.00;F;1968-07-30 00:00:00;3;10;01317001
1500;RICARDO PANTE;4150.00;M;1969-08-01 00:00:00;4;1;04517002
1501;MARCELLO FUITEM;4300.00;M;1970-09-02 00:00:00;4;2;04517002
1502;VERA LÈCIA SIMONCELLO;2100.00;F;1971-10-03 00:00:00;4;3;01317001
1503;LÈCIA HELENA LINS VOLKART;2300.00;F;1972-11-04 00:00:00;4;4;01317001
1504;NIVALDO MARIANO DE PONTES;3300.00;M;1973-12-05 00:00:00;4;5;04517002
1505;MARIA DA GRAÄA RAMOS DE SANTIS;2300.00;F;1974-11-06 00:00:00;4;6;01317001
1506;NICOLAU ARTHUROVICH ATOIANTZ;2200.00;M;1974-10-07 00:00:00;4;7;04517002
1507;IGINO ROTTA;2000.00;M;1974-09-08 00:00:00;4;8;04517002
1508;ARMANDO DE SOUZA MAIA JUNIOR;2100.00;M;1975-08-09 00:00:00;4;9;04517002
1509;MARIA LUIZA DE ARAUJO FLEURY;22100.00;F;1976-07-10 00:00:00;4;10;01317001
1510;JOSê SêRGIO RAMOS;1100.00;M;1977-06-11 00:00:00;5;1;04517002
1511;NELSON REIS QUEDAS;12100.00;M;1978-09-12 00:00:00;5;2;04517002
1512;CARLA MURAD TULLIO;11100.00;F;1979-05-13 00:00:00;5;3;01317001
1513;RICARDO GURGEL AZZI;10100.00;F;1980-04-14 00:00:00;5;4;01317001
1514;DêCIO LUIZ BERNI;11100.00;M;1981-03-15 00:00:00;5;5;04517002
1515;GILBERTO GOMES;12100.00;M;1982-02-16 00:00:00;5;6;04517002
1516;RUBENS ALBERTO MORENO;12100.00;M;1983-01-17 00:00:00;5;7;04517002
1517;RUDOLF RIEDERER;17100.00;M;1984-02-18 00:00:00;5;8;04517002
1518;RENATA MASCARENHAS KFOURI DUARTE;18100.00;F;1985-03-19 00:00:00;5;9;01317001
1519;MARIA ROMILDA RIBEIRO MAGALH«ES;8100.00;F;1987-04-20 00:00:00;5;10;01317001
1520;MAURICIO FACCIOLI;8100.00;M;1986-05-21 00:00:00;6;1;04517002
1521;MIRIAM VALIM OLIVETTI;9100.00;F;1988-06-22 00:00:00;6;2;01317001
1522;TERESINHA DE JESUS DE FARIA FOSCHINI;9100.00;F;1989-07-23 00:00:00;6;3;01317001
1523;LIA MARA LEITE CERIALLE;9200.00;F;1990-08-24 00:00:00;6;4;01317001
1524;FERNANDO CESAR GOMES;9300.00;M;1991-09-25 00:00:00;6;5;04517002
1525;SIMONE GRECO;9300.00;F;1992-10-26 00:00:00;6;6;01317001
1526;LYDIA ESTELLE WELT;7400.00;F;1993-11-27 00:00:00;6;7;01317001
1527;MIGUEL AUGUSTO DE TOLEDO ARRUDA;7700.00;M;1994-12-28 00:00:00;6;8;04517002
1528;ODIR ALONSO JÈNIOR;7600.00;M;1995-11-29 00:00:00;6;9;04517002
1529;VERA LÈCIA DA COSTA TAMBURUS;7500.00;F;1996-10-30 00:00:00;6;10;01317001
1530;ANTONIO CêSAR PAZINATTO;7100.00;M;1997-09-01 00:00:00;7;1;04517002
1531;ANTONIO JOSê MALAVAZZI;7300.00;M;1998-08-07 00:00:00;7;2;04517002
1532;GILSON HENRIQUE JÈNIOR;7200.00;M;1999-09-02 00:00:00;7;3;04517002
1533;MARCOS DANIEL RODRIGUES BRANCHER;7400.00;M;2000-07-03 00:00:00;7;4;04517002
1534;MARIA LUISA BERARDI DE OLIVEIRA DE ANGELI;6100.00;F;2000-06-04 00:00:00;7;5;01317001
1535;ELENICE ZOGHBI COELHO LOBO;6600.00;F;1999-05-05 00:00:00;7;6;01317001
1536;MARIA EMILIA CAVALCANTI DE FARIA VIEIRA;6000.00;F;1998-04-06 00:00:00;7;7;01317001
1537;MARIA DE LOURDES CORR“A ROLIM;6100.00;F;1997-03-07 00:00:00;7;8;01317001
1538;REGINA CêLIA TOCCI DI GIUSEPPE;6200.00;F;1997-02-08 00:00:00;7;9;01317001
1539;TêRCIO BARBOSA RIGOLIN;6300.00;M;1996-01-09 00:00:00;7;10;04517002
1540;NOURIVAL DOMINGOS PARPINELLI;6400.00;M;1995-02-10 00:00:00;8;1;04517002
1541;ANA PAULA CARPINELLI;6500.00;F;1994-03-11 00:00:00;8;2;01317001
1542;ANTONIO FERREIRA DE CARVALHO JUNIOR;6600.00;M;1994-04-12 00:00:00;8;3;04517002
1543;CRISTINA GROSSOV;6700.00;F;1993-05-13 00:00:00;8;4;01317001
1544;MARCELO FRANQUELLA;6800.00;M;1992-06-14 00:00:00;8;5;04517002
1545;MARIA IZABEL ARAUJO EGUCHI;6900.00;F;1991-07-15 00:00:00;8;6;01317001
1546;ELIANE MARY CANESI FERREIRA;7800.00;F;1990-08-16 00:00:00;8;7;01317001
1547;RENATA MOMOE GUERRA;7200.00;F;1989-09-17 00:00:00;8;8;01317001
1548;MARSELY DE MARCO MARTINS DANTAS;5500.00;F;1988-10-18 00:00:00;8;9;01317001
1549;ELIANA MENDES NAVARRO SOARES;5500.00;F;1987-11-19 00:00:00;8;10;01317001
1550;ANDREIA DE FµTIMA SILVA;5400.00;F;1986-12-20 00:00:00;9;1;01317001
1551;LUIZ MµRCIO DOS SANTOS BERLFEIN;5300.00;M;1985-11-21 00:00:00;9;2;04517002
1552;PRISCILA MONTENEGRO SIQUEIRA DE MATOS LUIS;5200.00;F;1984-10-22 00:00:00;9;3;01317001
1553;ELISABETH FRANCISCA SANTORO CARLOS;5100.00;F;1983-09-23 00:00:00;9;4;01317001
1554;ELISABETH PEISSNER SERTORIO;7900.00;F;1972-08-24 00:00:00;9;5;01317001
1555;ELISABETH ROQUE BATISTA ALVES;5900.00;F;1982-07-25 00:00:00;9;6;01317001
1556;ELAINE CONCEIÄ«O MARQUEZINI SALLES;5800.00;F;1981-06-26 00:00:00;9;7;01317001
1557;LUCIANE MARIA CERRI;2500.00;F;1980-05-27 00:00:00;9;8;01317001
1558;MARIA ANGELA DE LIMA PEREIRA FERR«O;25100.00;F;1979-04-28 00:00:00;9;9;01317001
1559;VILMAR NAHUM DEL CASTILHO;27000.00;F;1978-03-29 00:00:00;9;10;01317001
1560;REGINA MAGDALENA PUGLIESE LIRA;25000.00;F;1977-02-28 00:00:00;10;1;01317001
1561;LUCIA HELENA ROCHA CAMPOS DA SILVA;11000.00;F;1976-01-01 00:00:00;10;2;01317001
1562;MARIA HELENA DE PAULA RODRIGUES;1100.00;F;1974-02-02 00:00:00;10;3;01317001
1563;REGINA MARIA CASTELO BRANCO;1200.00;F;1973-03-03 00:00:00;10;4;01317001
1564;WILSON BEZERRA DIAS;1200.00;M;1972-04-04 00:00:00;10;5;04517002
1565;CARLOTA CRISTINA SILVA QUEDAS;1300.00;F;1971-05-05 00:00:00;10;6;01317001
1566;SUZIANE DEGE MAGALH«ES MADUREIRA;1300.00;F;1970-06-06 00:00:00;10;7;01317001
1567;SANDRA MARIA MACEDO PEZETA;1500.00;F;1969-07-07 00:00:00;10;8;01317001
1568;JORGE SILVINO DA CUNHA NETO;1500.00;M;1968-08-08 00:00:00;10;9;04517002
1569;LUCIANE DEGE M. GONÄALVES DOS SANTOS;1700.00;F;1967-09-09 00:00:00;10;10;01317001
1570;HILDA MARIA FERNANDES PINHEIRO GUERRA;1700.00;F;1966-10-10 00:00:00;11;1;01317001
1571;VERIDIANA TINOCO CABRAL DE SOUZA ARANHA;19100.00;F;1965-11-11 00:00:00;11;2;01317001
1572;MARIA EDITH GUTFREUND FORMICOLA;1900.00;F;1964-12-12 00:00:00;11;3;01317001
1573;CYNTHIA NAGASSE;10100.00;F;1963-12-13 00:00:00;11;4;01317001
1574;FµTIMA AMARAL DIAS RISSI;1000.00;F;1962-11-14 00:00:00;11;5;01317001
1575;MARA ROSANA ALBREGARD CASSAS;11110.00;F;1961-10-15 00:00:00;11;6;01317001
1576;ANTONIO CARLOS DOS SANTOS;1200.00;M;1960-09-16 00:00:00;11;7;04517002
1577;ROBERTA PAULA GOMES DA SILVA MENDES;1400.00;F;1959-08-17 00:00:00;11;8;01317001
1578;DEBORA REGINA DIP;12100.00;F;1958-08-18 00:00:00;11;9;01317001
1579;ADELE GIANNATTASIO DECOUSSAU;16000.00;F;1957-07-19 00:00:00;11;10;01317001
1580;SANDRA AGUIAR PECCIOLI PAV«O;15000.00;F;1956-06-20 00:00:00;12;1;01317001
1581;ANNA SOFIA M.E.H. DONNERSMARCK DOWNEY;14000.00;F;1955-05-21 00:00:00;12;2;01317001
1582;NELSON CORREIA FONSECA;13000.00;M;1966-04-22 00:00:00;12;3;04517002
1583;RENATA RAMPAZO;12000.00;F;1954-03-23 00:00:00;12;4;01317001
1584;ILANA JANETE UZIEL;11000.00;F;1954-02-24 00:00:00;12;5;01317001
1585;WANDA MARIA PEREIRA DE S. PINHEIRO PRADO;10000.00;F;1955-01-25 00:00:00;12;6;01317001
1586;MARCO ANTONIO DE OLIVEIRA VASCONCELLOS PEREIRA;9000.00;M;1956-02-26 00:00:00;12;7;04517002
1587;FERNANDO LUIZ MEDICI;8000.00;M;1967-03-27 00:00:00;12;8;04517002
1588;DULCE REGINA GRELLET MACEDO TACOLA BECKER;7000.00;F;1957-04-28 00:00:00;12;9;01317001
1589;GLAUCIA BARCENA ALBERTONI;6000.00;F;1958-05-29 00:00:00;12;10;01317001
1590;SILVIA HELENA MIHOK FUERTES;5000.00;F;1959-06-30 00:00:00;13;1;01317001
1591;SIMONE SANCHES;4000.00;F;1960-07-01 00:00:00;13;2;01317001
1592;MARISTELA BASILE LOPES RIBEIRO;3000.00;F;1961-08-02 00:00:00;13;3;01317001
1593;LUCY MARTINS DE ANDRADE;2000.00;F;1964-09-03 00:00:00;13;4;01317001
1594;ANA LUCIA DESCAGNI ALVARES;21000.00;F;1964-10-04 00:00:00;13;5;01317001
1595;MµRCIA CRISTINA RIBEIRO DAVID DE SOUZA;20000.00;F;1965-11-05 00:00:00;13;6;01317001
1596;SAMANTHA ESPERANÄA ROSA;21100.00;F;1976-12-06 00:00:00;13;7;01317001
1597;MELISSA DE SOUZA PIERETTE ALBUQUERQUE DE PONTES;22500.00;F;1967-11-07 00:00:00;13;8;01317001
1598;PRISCILLA NEPOMUCENO CAMPOS MAIA;21500.00;F;1966-10-08 00:00:00;13;9;01317001
1599;SILVIA SALLES LEITE LOMBARDI;20500.00;F;1968-09-09 00:00:00;13;10;01317001
1600;FERNANDA ZALLA  SAMPAIO;19500.00;F;1969-08-10 00:00:00;14;1;01317001
1601;KARINA TAMBORLIM SIMÂES;18500.00;F;1970-07-11 00:00:00;14;2;01317001
1602;FERNANDA CASTANHO FRANCO MONTORO;17500.00;F;1970-06-12 00:00:00;14;3;01317001
1603;FERNANDA TOBLER BRANT DE CARVALHO MANTELLI;16500.00;F;1971-05-13 00:00:00;14;4;01317001
1604;DANIELA BORGES FRANCO;15500.00;F;1982-04-14 00:00:00;14;6;01317001
1605;CRISTIANE ALFIERI SALVAGNINI;14500.00;F;1972-03-14 00:00:00;14;6;01317001
1606;TATHIANA MARIA MAZZIERI LEITE;13500.00;F;1973-02-15 00:00:00;14;7;01317001
1607;SOFIA DINIZ JUNQUEIRA BUENO;12500.00;F;1974-01-16 00:00:00;14;8;01317001
1608;LIAMARA MONTAGNER SALAMANI;11500.00;F;1965-02-17 00:00:00;14;9;01317001
1609;CAMILA LENCI BOCCIA;10500.00;F;1975-03-18 00:00:00;14;10;01317001
1610;CLAUDIA AYRES;9500.00;F;1976-04-19 00:00:00;15;1;01317001
1611;ROSANE OLIVEIRA MODERNO SCHILLER;8500.00;F;1977-05-20 00:00:00;15;2;01317001
1612;VIVIAN SUELI DEVIDE MONTEIRO DE CASTRO;7500.00;F;1978-06-21 00:00:00;15;3;01317001
1613;SONIA SPEDO SPAGNUOLO;6500.00;F;1979-07-22 00:00:00;15;4;01317001
1614;ANA PAULA MACHADO DAVILA;5500.00;F;1980-08-23 00:00:00;15;5;01317001
1615;ALESSANDRA BONAZZA;4500.00;F;1981-09-24 00:00:00;15;6;01317001
1616;GEDEON LORANT GEZA PILLER;3500.00;M;1982-10-25 00:00:00;15;7;04517002
1617;MONICA H.CAMARGO;2500.00;F;1983-11-26 00:00:00;15;8;01317001
1618;CAMILA TRICARICO ALVIM;8200.00;F;1984-12-27 00:00:00;15;9;01317001
1619;GISELE PIRES MILANI;9100.00;F;1985-11-28 00:00:00;15;10;01317001
1620;SILVIA AMARAL HEYDENREICH;7200.00;F;1986-10-29 00:00:00;16;1;01317001
1621;SOLANGE SHIZUMI SAKAHARA YOKOYAMA;7100.00;F;1987-09-30 00:00:00;16;2;01317001
1622;LUCIANA MUSUMECCI NALON;8100.00;F;1988-08-30 00:00:00;16;3;01317001
1623;PATRICIA DINIZ OLIVEIRA;6900.00;F;1989-07-29 00:00:00;16;4;01317001
1624;CATIA APARECIDA FITTIPALDI GUEDES;4900.00;F;1990-06-28 00:00:00;16;4;01317001
1625;CATIA JACIANE DE LIMA FERREIRA;4700.00;F;1991-05-27 00:00:00;16;5;01317001
1626;ALESSANDRA MARIA NOGUEIRA DA ROCHA CARVALHO;7800.00;F;1992-09-26 00:00:00;16;6;01317001
1627;CAMILA MACHADO ASSUMPCAO;6500.00;F;1993-04-25 00:00:00;16;7;01317001
1628;LUCIANA ROCHA LEITE PIMENTA;9800.00;F;1994-03-24 00:00:00;16;8;01317001
1629;MAYUMI TAKAI;8900.00;F;1994-02-23 00:00:00;16;9;01317001
1630;RAQUEL DOS SANTOS FUNARI;17500.00;F;1995-01-22 00:00:00;16;10;01317001
1631;CRISTINA ALEXANDRE TAVARES;17400.00;F;1996-02-21 00:00:00;17;1;01317001
1632;LUCIANA TADDEI;12100.00;F;1997-03-20 00:00:00;17;2;01317001
1633;KARIN CµMARA GARZ‡N;13100.00;F;1998-04-19 00:00:00;17;3;01317001
1634;JULIANA KALLAY DEL AQUILLA;14100.00;F;1999-05-18 00:00:00;17;4;01317001
1635;MARCIA KUPTAS;15100.00;F;1998-06-17 00:00:00;17;5;01317001
1636;MARIA AURORA DE JESUS FERREIRA PRIMUK;15100.00;F;1997-07-16 00:00:00;17;6;01317001
1637;MARILZA MARCONDES PAIM;14100.00;F;1996-08-15 00:00:00;17;7;01317001
1638;LUCIENE HESSEL FOGAÄA OLIVEIRA;14100.00;F;1995-09-14 00:00:00;17;8;01317001
1639;ELIZABETE ROSIM FACHINI SPARAPAM;14100.00;F;1994-10-13 00:00:00;17;9;01317001
1640;ELIANA SINISCALCHI DE SOUZA;12900.00;F;1993-11-12 00:00:00;17;10;01317001
1641;MARIA LU÷ZA BORGHI;12900.00;F;1992-12-11 00:00:00;18;1;01317001
1642;FERNANDA CONTI MARCONDES;12900.00;F;1991-11-10 00:00:00;18;2;01317001
1643;MARIZE MEDEIROS BORGES;11110.00;F;1990-10-09 00:00:00;18;3;01317001
1644;KARIN MACHADO GRIESINGER DE CORR“A LEITE;11110.00;F;1989-09-08 00:00:00;18;4;01317001
1645;BENEDITA APARECIDA TURIM;11110.00;F;1989-09-07 00:00:00;18;5;01317001
1646;MELISSA DE SOUZA PIERETTE A. PONTES;11110.00;F;1988-08-06 00:00:00;18;6;01317001
1647;LILIANA ALMEIDA ROSA OZ‡RIO;9200.00;F;1987-07-05 00:00:00;18;7;01317001
1648;KµTIA STEFFEN BRIANTI;9200.00;F;1986-06-04 00:00:00;18;8;01317001
1649;JANINE DEMARTIS GRANJA;9600.00;F;1985-05-03 00:00:00;18;9;01317001
1650;CAMILA BIERRENBACH PEREIRA DE QUEIROZ;9700.00;F;1984-04-02 00:00:00;18;10;01317001
1651;LILIANE DA SILVA CRUZ;9900.00;F;1983-03-01 00:00:00;19;1;01317001
1652;WAGNER ALBERTO DE SOUZA;8300.00;F;1982-02-02 00:00:00;19;2;01317001
1653;FERNANDA MORAIS MACHADO GOMES;2100.00;F;1981-01-03 00:00:00;19;3;01317001
1654;ERIKA CRISTINA LOBO;3100.00;F;1980-02-04 00:00:00;19;4;01317001
1655;PAULA SINTI;4100.00;F;1979-03-05 00:00:00;19;5;01317001
1656;MARCIA CAMPINAS PIMENTEL;5100.00;F;1978-04-06 00:00:00;19;6;01317001
1657;ALEXANDRE RIBEIRO MEYER PFLUG;6100.00;M;1977-05-07 00:00:00;19;7;04517002
1658;ROBERTO KOJI MURASAKI;7300.00;M;1976-06-08 00:00:00;19;8;04517002
1659;TEDDY CHU PALOU;8400.00;F;1975-07-09 00:00:00;19;9;01317001
1660;PAULO SOARES;6500.00;M;2020-05-14 00:00:00;6;6;04517002
1661;LUIZ GUSTAVO;5000.00;M;2020-05-15 00:00:00;16;7;04517002
1662;LUIZ GUSTAVO;5000.00;M;2020-05-15 00:00:00;10;7;04517002
1663;LUIZ GUSTAVO;5000.00;M;2020-05-15 00:00:00;10;7;04517002
1664;JULIA MARCONDES;11000.00;F;2020-05-22 00:00:00;9;7;01317001
1665;ANA MARIA SOARES;17000.00;F;2000-05-01 00:00:00;1;1;01317001
1666;LUCIANO DE ARAÈJO;8000.00;M;2001-03-03 00:00:00;2;2;04517002
1667;VICT‡RIA MAGALH«ES;7000.00;F;2004-10-04 00:00:00;3;3;01317001
1668;CARLOS ROBERTO SILVA;5000.00;M;1999-08-06 00:00:00;4;4;04517002
1669;GLORIA MARIA DE SOUZA;4000.00;F;2003-09-01 00:00:00;5;5;01317001
1670;BEATRIZ DE OLIVEIRA;2800.00;F;2002-11-02 00:00:00;7;7;01317001
1671;MARIA APARECIDA DE JESUS;4500.00;F;2006-05-07 00:00:00;9;9;01317001
1672;VICENTE JOSE DOS SANTOS;5000.00;M;2005-11-07 00:00:00;10;10;04517002
1673;SERGIO DE ALMEIDA PRADO;7700.00;M;2005-11-05 00:00:00;1;2;04517002
1674;SILVIO BRAGANÄA;6500.00;M;1995-10-10 00:00:00;3;7;04517002
1675;MARISA BARBOSA;7100.00;F;2006-09-07 00:00:00;5;6;01317001
1676;DIRCE SPEDO RODRIGUES MORETTI;8100.00;F;2001-01-01 00:00:00;1;1;01317001
1677;ANDRê LUIZ ARID;9100.00;M;2000-02-02 00:00:00;1;2;04517002
1678;IVAN GONÄALVES DOS ANJOS;7200.00;M;2001-03-03 00:00:00;1;3;04517002
1679;MARINA PEREIRA LIMA BRANCHER;7300.00;F;1986-04-04 00:00:00;1;4;01317001
1680;ALEXANDRE TRINCA;7400.00;M;1977-05-05 00:00:00;1;5;04517002
1681;GERDA STOLL;7400.00;F;1974-06-06 00:00:00;1;6;01317001
1682;MONICA LUNGOV BUGELLI;7500.00;F;1960-07-07 00:00:00;1;7;01317001
1683;ANTONIO LUIZ LAURINDO;7500.00;M;1959-08-08 00:00:00;1;8;04517002
1684;ANTONIO MORETTI;9200.00;M;1971-09-09 00:00:00;1;9;04517002
1685;JOSê ROBERTO LAPOLLA JR;9300.00;M;1961-10-10 00:00:00;1;10;04517002
1686;CEC÷LIA ZIERZ FIKER;9400.00;F;1971-11-11 00:00:00;2;1;01317001
1687;AGENOR COSTA NETO;9300.00;M;1967-12-12 00:00:00;2;2;04517002
1688;MARIA HILDA CASALDERREY PROCHASKA;3000.00;F;1951-12-13 00:00:00;2;3;01317001
1689;FLµVIO CASANOVA;3200.00;M;1952-11-14 00:00:00;2;4;04517002
1690;ALO÷SIO FERREIRA DE ARAUJO;3100.00;M;1953-10-15 00:00:00;2;5;04517002
1691;ARNO ALOISIO GOETTEMS;4100.00;M;1954-09-16 00:00:00;2;6;04517002
1692;GABOR RADOCZA;4100.00;M;1955-08-17 00:00:00;2;7;04517002
1693;GENêSIO BRIANTI FILHO;4100.00;M;1956-07-18 00:00:00;2;8;04517002
1694;FRANCISCO EDUARDO CERIALLE;4200.00;M;1957-06-19 00:00:00;2;9;04517002
1695;DANIEL BRAZ;4300.00;M;1958-05-20 00:00:00;2;10;04517002
1696;REGINA GATTAI;4400.00;F;1959-04-21 00:00:00;3;1;01317001
1697;LUCIANA COSTA CORDEIRO;3500.00;F;1960-03-22 00:00:00;3;2;01317001
1698;ISABEL CRISTINA RAINHA;5100.00;F;1961-02-23 00:00:00;3;3;01317001
1699;JO«O PAULO FORDELONE;3600.00;M;1962-01-24 00:00:00;3;4;04517002
1700;CLAUDIO BARBOSA RECCO;3700.00;M;1963-02-25 00:00:00;3;5;04517002
1701;NORBERTO LOURENÄO NOGUEIRA JR.;3200.00;M;1964-03-26 00:00:00;3;6;04517002
1702;PATR÷CIA BRISOLA SIOMI CAVICCHIOLI;3800.00;F;1965-04-27 00:00:00;3;7;01317001
1703;CLINTON MARCICO RAMOS;3900.00;M;1966-05-28 00:00:00;3;8;04517002
1704;DêBORAH BULBARELLI VALENTINI;4000.00;F;1967-06-29 00:00:00;3;9;01317001
1705;MARA APARECIDA CHIAVATTA ZAMMAR;4000.00;F;1968-07-30 00:00:00;3;10;01317001
1706;RICARDO PANTE;4150.00;M;1969-08-01 00:00:00;4;1;04517002
1707;MARCELLO FUITEM;4300.00;M;1970-09-02 00:00:00;4;2;04517002
1708;VERA LÈCIA SIMONCELLO;2100.00;F;1971-10-03 00:00:00;4;3;01317001
1709;LÈCIA HELENA LINS VOLKART;2300.00;F;1972-11-04 00:00:00;4;4;01317001
1710;NIVALDO MARIANO DE PONTES;3300.00;M;1973-12-05 00:00:00;4;5;04517002
1711;MARIA DA GRAÄA RAMOS DE SANTIS;2300.00;F;1974-11-06 00:00:00;4;6;01317001
1712;NICOLAU ARTHUROVICH ATOIANTZ;2200.00;M;1974-10-07 00:00:00;4;7;04517002
1713;IGINO ROTTA;2000.00;M;1974-09-08 00:00:00;4;8;04517002
1714;ARMANDO DE SOUZA MAIA JUNIOR;2100.00;M;1975-08-09 00:00:00;4;9;04517002
1715;MARIA LUIZA DE ARAUJO FLEURY;22100.00;F;1976-07-10 00:00:00;4;10;01317001
1716;JOSê SêRGIO RAMOS;1100.00;M;1977-06-11 00:00:00;5;1;04517002
1717;NELSON REIS QUEDAS;12100.00;M;1978-09-12 00:00:00;5;2;04517002
1718;CARLA MURAD TULLIO;11100.00;F;1979-05-13 00:00:00;5;3;01317001
1719;RICARDO GURGEL AZZI;10100.00;F;1980-04-14 00:00:00;5;4;01317001
1720;DêCIO LUIZ BERNI;11100.00;M;1981-03-15 00:00:00;5;5;04517002
1721;GILBERTO GOMES;12100.00;M;1982-02-16 00:00:00;5;6;04517002
1722;RUBENS ALBERTO MORENO;12100.00;M;1983-01-17 00:00:00;5;7;04517002
1723;RUDOLF RIEDERER;17100.00;M;1984-02-18 00:00:00;5;8;04517002
1724;RENATA MASCARENHAS KFOURI DUARTE;18100.00;F;1985-03-19 00:00:00;5;9;01317001
1725;MARIA ROMILDA RIBEIRO MAGALH«ES;8100.00;F;1987-04-20 00:00:00;5;10;01317001
1726;MAURICIO FACCIOLI;8100.00;M;1986-05-21 00:00:00;6;1;04517002
1727;MIRIAM VALIM OLIVETTI;9100.00;F;1988-06-22 00:00:00;6;2;01317001
1728;TERESINHA DE JESUS DE FARIA FOSCHINI;9100.00;F;1989-07-23 00:00:00;6;3;01317001
1729;LIA MARA LEITE CERIALLE;9200.00;F;1990-08-24 00:00:00;6;4;01317001
1730;FERNANDO CESAR GOMES;9300.00;M;1991-09-25 00:00:00;6;5;04517002
1731;SIMONE GRECO;9300.00;F;1992-10-26 00:00:00;6;6;01317001
1732;LYDIA ESTELLE WELT;7400.00;F;1993-11-27 00:00:00;6;7;01317001
1733;MIGUEL AUGUSTO DE TOLEDO ARRUDA;7700.00;M;1994-12-28 00:00:00;6;8;04517002
1734;ODIR ALONSO JÈNIOR;7600.00;M;1995-11-29 00:00:00;6;9;04517002
1735;VERA LÈCIA DA COSTA TAMBURUS;7500.00;F;1996-10-30 00:00:00;6;10;01317001
1736;ANTONIO CêSAR PAZINATTO;7100.00;M;1997-09-01 00:00:00;7;1;04517002
1737;ANTONIO JOSê MALAVAZZI;7300.00;M;1998-08-07 00:00:00;7;2;04517002
1738;GILSON HENRIQUE JÈNIOR;7200.00;M;1999-09-02 00:00:00;7;3;04517002
1739;MARCOS DANIEL RODRIGUES BRANCHER;7400.00;M;2000-07-03 00:00:00;7;4;04517002
1740;MARIA LUISA BERARDI DE OLIVEIRA DE ANGELI;6100.00;F;2000-06-04 00:00:00;7;5;01317001
1741;ELENICE ZOGHBI COELHO LOBO;6600.00;F;1999-05-05 00:00:00;7;6;01317001
1742;MARIA EMILIA CAVALCANTI DE FARIA VIEIRA;6000.00;F;1998-04-06 00:00:00;7;7;01317001
1743;MARIA DE LOURDES CORR“A ROLIM;6100.00;F;1997-03-07 00:00:00;7;8;01317001
1744;REGINA CêLIA TOCCI DI GIUSEPPE;6200.00;F;1997-02-08 00:00:00;7;9;01317001
1745;TêRCIO BARBOSA RIGOLIN;6300.00;M;1996-01-09 00:00:00;7;10;04517002
1746;NOURIVAL DOMINGOS PARPINELLI;6400.00;M;1995-02-10 00:00:00;8;1;04517002
1747;ANA PAULA CARPINELLI;6500.00;F;1994-03-11 00:00:00;8;2;01317001
1748;ANTONIO FERREIRA DE CARVALHO JUNIOR;6600.00;M;1994-04-12 00:00:00;8;3;04517002
1749;CRISTINA GROSSOV;6700.00;F;1993-05-13 00:00:00;8;4;01317001
1750;MARCELO FRANQUELLA;6800.00;M;1992-06-14 00:00:00;8;5;04517002
1751;MARIA IZABEL ARAUJO EGUCHI;6900.00;F;1991-07-15 00:00:00;8;6;01317001
1752;ELIANE MARY CANESI FERREIRA;7800.00;F;1990-08-16 00:00:00;8;7;01317001
1753;RENATA MOMOE GUERRA;7200.00;F;1989-09-17 00:00:00;8;8;01317001
1754;MARSELY DE MARCO MARTINS DANTAS;5500.00;F;1988-10-18 00:00:00;8;9;01317001
1755;ELIANA MENDES NAVARRO SOARES;5500.00;F;1987-11-19 00:00:00;8;10;01317001
1756;ANDREIA DE FµTIMA SILVA;5400.00;F;1986-12-20 00:00:00;9;1;01317001
1757;LUIZ MµRCIO DOS SANTOS BERLFEIN;5300.00;M;1985-11-21 00:00:00;9;2;04517002
1758;PRISCILA MONTENEGRO SIQUEIRA DE MATOS LUIS;5200.00;F;1984-10-22 00:00:00;9;3;01317001
1759;ELISABETH FRANCISCA SANTORO CARLOS;5100.00;F;1983-09-23 00:00:00;9;4;01317001
1760;ELISABETH PEISSNER SERTORIO;7900.00;F;1972-08-24 00:00:00;9;5;01317001
1761;ELISABETH ROQUE BATISTA ALVES;5900.00;F;1982-07-25 00:00:00;9;6;01317001
1762;ELAINE CONCEIÄ«O MARQUEZINI SALLES;5800.00;F;1981-06-26 00:00:00;9;7;01317001
1763;LUCIANE MARIA CERRI;2500.00;F;1980-05-27 00:00:00;9;8;01317001
1764;MARIA ANGELA DE LIMA PEREIRA FERR«O;25100.00;F;1979-04-28 00:00:00;9;9;01317001
1765;VILMAR NAHUM DEL CASTILHO;27000.00;F;1978-03-29 00:00:00;9;10;01317001
1766;REGINA MAGDALENA PUGLIESE LIRA;25000.00;F;1977-02-28 00:00:00;10;1;01317001
1767;LUCIA HELENA ROCHA CAMPOS DA SILVA;11000.00;F;1976-01-01 00:00:00;10;2;01317001
1768;MARIA HELENA DE PAULA RODRIGUES;1100.00;F;1974-02-02 00:00:00;10;3;01317001
1769;REGINA MARIA CASTELO BRANCO;1200.00;F;1973-03-03 00:00:00;10;4;01317001
1770;WILSON BEZERRA DIAS;1200.00;M;1972-04-04 00:00:00;10;5;04517002
1771;CARLOTA CRISTINA SILVA QUEDAS;1300.00;F;1971-05-05 00:00:00;10;6;01317001
1772;SUZIANE DEGE MAGALH«ES MADUREIRA;1300.00;F;1970-06-06 00:00:00;10;7;01317001
1773;SANDRA MARIA MACEDO PEZETA;1500.00;F;1969-07-07 00:00:00;10;8;01317001
1774;JORGE SILVINO DA CUNHA NETO;1500.00;M;1968-08-08 00:00:00;10;9;04517002
1775;LUCIANE DEGE M. GONÄALVES DOS SANTOS;1700.00;F;1967-09-09 00:00:00;10;10;01317001
1776;HILDA MARIA FERNANDES PINHEIRO GUERRA;1700.00;F;1966-10-10 00:00:00;11;1;01317001
1777;VERIDIANA TINOCO CABRAL DE SOUZA ARANHA;19100.00;F;1965-11-11 00:00:00;11;2;01317001
1778;MARIA EDITH GUTFREUND FORMICOLA;1900.00;F;1964-12-12 00:00:00;11;3;01317001
1779;CYNTHIA NAGASSE;10100.00;F;1963-12-13 00:00:00;11;4;01317001
1780;FµTIMA AMARAL DIAS RISSI;1000.00;F;1962-11-14 00:00:00;11;5;01317001
1781;MARA ROSANA ALBREGARD CASSAS;11110.00;F;1961-10-15 00:00:00;11;6;01317001
1782;ANTONIO CARLOS DOS SANTOS;1200.00;M;1960-09-16 00:00:00;11;7;04517002
1783;ROBERTA PAULA GOMES DA SILVA MENDES;1400.00;F;1959-08-17 00:00:00;11;8;01317001
1784;DEBORA REGINA DIP;12100.00;F;1958-08-18 00:00:00;11;9;01317001
1785;ADELE GIANNATTASIO DECOUSSAU;16000.00;F;1957-07-19 00:00:00;11;10;01317001
1786;SANDRA AGUIAR PECCIOLI PAV«O;15000.00;F;1956-06-20 00:00:00;12;1;01317001
1787;ANNA SOFIA M.E.H. DONNERSMARCK DOWNEY;14000.00;F;1955-05-21 00:00:00;12;2;01317001
1788;NELSON CORREIA FONSECA;13000.00;M;1966-04-22 00:00:00;12;3;04517002
1789;RENATA RAMPAZO;12000.00;F;1954-03-23 00:00:00;12;4;01317001
1790;ILANA JANETE UZIEL;11000.00;F;1954-02-24 00:00:00;12;5;01317001
1791;WANDA MARIA PEREIRA DE S. PINHEIRO PRADO;10000.00;F;1955-01-25 00:00:00;12;6;01317001
1792;MARCO ANTONIO DE OLIVEIRA VASCONCELLOS PEREIRA;9000.00;M;1956-02-26 00:00:00;12;7;04517002
1793;FERNANDO LUIZ MEDICI;8000.00;M;1967-03-27 00:00:00;12;8;04517002
1794;DULCE REGINA GRELLET MACEDO TACOLA BECKER;7000.00;F;1957-04-28 00:00:00;12;9;01317001
1795;GLAUCIA BARCENA ALBERTONI;6000.00;F;1958-05-29 00:00:00;12;10;01317001
1796;SILVIA HELENA MIHOK FUERTES;5000.00;F;1959-06-30 00:00:00;13;1;01317001
1797;SIMONE SANCHES;4000.00;F;1960-07-01 00:00:00;13;2;01317001
1798;MARISTELA BASILE LOPES RIBEIRO;3000.00;F;1961-08-02 00:00:00;13;3;01317001
1799;LUCY MARTINS DE ANDRADE;2000.00;F;1964-09-03 00:00:00;13;4;01317001
1800;ANA LUCIA DESCAGNI ALVARES;21000.00;F;1964-10-04 00:00:00;13;5;01317001
1801;MµRCIA CRISTINA RIBEIRO DAVID DE SOUZA;20000.00;F;1965-11-05 00:00:00;13;6;01317001
1802;SAMANTHA ESPERANÄA ROSA;21100.00;F;1976-12-06 00:00:00;13;7;01317001
1803;MELISSA DE SOUZA PIERETTE ALBUQUERQUE DE PONTES;22500.00;F;1967-11-07 00:00:00;13;8;01317001
1804;PRISCILLA NEPOMUCENO CAMPOS MAIA;21500.00;F;1966-10-08 00:00:00;13;9;01317001
1805;SILVIA SALLES LEITE LOMBARDI;20500.00;F;1968-09-09 00:00:00;13;10;01317001
1806;FERNANDA ZALLA  SAMPAIO;19500.00;F;1969-08-10 00:00:00;14;1;01317001
1807;KARINA TAMBORLIM SIMÂES;18500.00;F;1970-07-11 00:00:00;14;2;01317001
1808;FERNANDA CASTANHO FRANCO MONTORO;17500.00;F;1970-06-12 00:00:00;14;3;01317001
1809;FERNANDA TOBLER BRANT DE CARVALHO MANTELLI;16500.00;F;1971-05-13 00:00:00;14;4;01317001
1810;DANIELA BORGES FRANCO;15500.00;F;1982-04-14 00:00:00;14;6;01317001
1811;CRISTIANE ALFIERI SALVAGNINI;14500.00;F;1972-03-14 00:00:00;14;6;01317001
1812;TATHIANA MARIA MAZZIERI LEITE;13500.00;F;1973-02-15 00:00:00;14;7;01317001
1813;SOFIA DINIZ JUNQUEIRA BUENO;12500.00;F;1974-01-16 00:00:00;14;8;01317001
1814;LIAMARA MONTAGNER SALAMANI;11500.00;F;1965-02-17 00:00:00;14;9;01317001
1815;CAMILA LENCI BOCCIA;10500.00;F;1975-03-18 00:00:00;14;10;01317001
1816;CLAUDIA AYRES;9500.00;F;1976-04-19 00:00:00;15;1;01317001
1817;ROSANE OLIVEIRA MODERNO SCHILLER;8500.00;F;1977-05-20 00:00:00;15;2;01317001
1818;VIVIAN SUELI DEVIDE MONTEIRO DE CASTRO;7500.00;F;1978-06-21 00:00:00;15;3;01317001
1819;SONIA SPEDO SPAGNUOLO;6500.00;F;1979-07-22 00:00:00;15;4;01317001
1820;ANA PAULA MACHADO DAVILA;5500.00;F;1980-08-23 00:00:00;15;5;01317001
1821;ALESSANDRA BONAZZA;4500.00;F;1981-09-24 00:00:00;15;6;01317001
1822;GEDEON LORANT GEZA PILLER;3500.00;M;1982-10-25 00:00:00;15;7;04517002
1823;MONICA H.CAMARGO;2500.00;F;1983-11-26 00:00:00;15;8;01317001
1824;CAMILA TRICARICO ALVIM;8200.00;F;1984-12-27 00:00:00;15;9;01317001
1825;GISELE PIRES MILANI;9100.00;F;1985-11-28 00:00:00;15;10;01317001
1826;SILVIA AMARAL HEYDENREICH;7200.00;F;1986-10-29 00:00:00;16;1;01317001
1827;SOLANGE SHIZUMI SAKAHARA YOKOYAMA;7100.00;F;1987-09-30 00:00:00;16;2;01317001
1828;LUCIANA MUSUMECCI NALON;8100.00;F;1988-08-30 00:00:00;16;3;01317001
1829;PATRICIA DINIZ OLIVEIRA;6900.00;F;1989-07-29 00:00:00;16;4;01317001
1830;CATIA APARECIDA FITTIPALDI GUEDES;4900.00;F;1990-06-28 00:00:00;16;4;01317001
1831;CATIA JACIANE DE LIMA FERREIRA;4700.00;F;1991-05-27 00:00:00;16;5;01317001
1832;ALESSANDRA MARIA NOGUEIRA DA ROCHA CARVALHO;7800.00;F;1992-09-26 00:00:00;16;6;01317001
1833;CAMILA MACHADO ASSUMPCAO;6500.00;F;1993-04-25 00:00:00;16;7;01317001
1834;LUCIANA ROCHA LEITE PIMENTA;9800.00;F;1994-03-24 00:00:00;16;8;01317001
1835;MAYUMI TAKAI;8900.00;F;1994-02-23 00:00:00;16;9;01317001
1836;RAQUEL DOS SANTOS FUNARI;17500.00;F;1995-01-22 00:00:00;16;10;01317001
1837;CRISTINA ALEXANDRE TAVARES;17400.00;F;1996-02-21 00:00:00;17;1;01317001
1838;LUCIANA TADDEI;12100.00;F;1997-03-20 00:00:00;17;2;01317001
1839;KARIN CµMARA GARZ‡N;13100.00;F;1998-04-19 00:00:00;17;3;01317001
1840;JULIANA KALLAY DEL AQUILLA;14100.00;F;1999-05-18 00:00:00;17;4;01317001
1841;MARCIA KUPTAS;15100.00;F;1998-06-17 00:00:00;17;5;01317001
1842;MARIA AURORA DE JESUS FERREIRA PRIMUK;15100.00;F;1997-07-16 00:00:00;17;6;01317001
1843;MARILZA MARCONDES PAIM;14100.00;F;1996-08-15 00:00:00;17;7;01317001
1844;LUCIENE HESSEL FOGAÄA OLIVEIRA;14100.00;F;1995-09-14 00:00:00;17;8;01317001
1845;ELIZABETE ROSIM FACHINI SPARAPAM;14100.00;F;1994-10-13 00:00:00;17;9;01317001
1846;ELIANA SINISCALCHI DE SOUZA;12900.00;F;1993-11-12 00:00:00;17;10;01317001
1847;MARIA LU÷ZA BORGHI;12900.00;F;1992-12-11 00:00:00;18;1;01317001
1848;FERNANDA CONTI MARCONDES;12900.00;F;1991-11-10 00:00:00;18;2;01317001
1849;MARIZE MEDEIROS BORGES;11110.00;F;1990-10-09 00:00:00;18;3;01317001
1850;KARIN MACHADO GRIESINGER DE CORR“A LEITE;11110.00;F;1989-09-08 00:00:00;18;4;01317001
1851;BENEDITA APARECIDA TURIM;11110.00;F;1989-09-07 00:00:00;18;5;01317001
1852;MELISSA DE SOUZA PIERETTE A. PONTES;11110.00;F;1988-08-06 00:00:00;18;6;01317001
1853;LILIANA ALMEIDA ROSA OZ‡RIO;9200.00;F;1987-07-05 00:00:00;18;7;01317001
1854;KµTIA STEFFEN BRIANTI;9200.00;F;1986-06-04 00:00:00;18;8;01317001
1855;JANINE DEMARTIS GRANJA;9600.00;F;1985-05-03 00:00:00;18;9;01317001
1856;CAMILA BIERRENBACH PEREIRA DE QUEIROZ;9700.00;F;1984-04-02 00:00:00;18;10;01317001
1857;LILIANE DA SILVA CRUZ;9900.00;F;1983-03-01 00:00:00;19;1;01317001
1858;WAGNER ALBERTO DE SOUZA;8300.00;F;1982-02-02 00:00:00;19;2;01317001
1859;FERNANDA MORAIS MACHADO GOMES;2100.00;F;1981-01-03 00:00:00;19;3;01317001
1860;ERIKA CRISTINA LOBO;3100.00;F;1980-02-04 00:00:00;19;4;01317001
1861;PAULA SINTI;4100.00;F;1979-03-05 00:00:00;19;5;01317001
1862;MARCIA CAMPINAS PIMENTEL;5100.00;F;1978-04-06 00:00:00;19;6;01317001
1863;ALEXANDRE RIBEIRO MEYER PFLUG;6100.00;M;1977-05-07 00:00:00;19;7;04517002
1864;ROBERTO KOJI MURASAKI;7300.00;M;1976-06-08 00:00:00;19;8;04517002
1865;TEDDY CHU PALOU;8400.00;F;1975-07-09 00:00:00;19;9;01317001
1866;PAULO SOARES;6500.00;M;2020-05-14 00:00:00;6;6;04517002
1867;LUIZ GUSTAVO;5000.00;M;2020-05-15 00:00:00;16;7;04517002
1868;LUIZ GUSTAVO;5000.00;M;2020-05-15 00:00:00;10;7;04517002
1869;LUIZ GUSTAVO;5000.00;M;2020-05-15 00:00:00;10;7;04517002
1870;JULIA MARCONDES;11000.00;F;2020-05-22 00:00:00;9;7;01317001
1871;ANA MARIA SOARES;17000.00;F;2000-05-01 00:00:00;1;1;01317001
1872;LUCIANO DE ARAÈJO;8000.00;M;2001-03-03 00:00:00;2;2;04517002
1873;VICT‡RIA MAGALH«ES;7000.00;F;2004-10-04 00:00:00;3;3;01317001
1874;CARLOS ROBERTO SILVA;5000.00;M;1999-08-06 00:00:00;4;4;04517002
1875;GLORIA MARIA DE SOUZA;4000.00;F;2003-09-01 00:00:00;5;5;01317001
1876;BEATRIZ DE OLIVEIRA;2800.00;F;2002-11-02 00:00:00;7;7;01317001
1877;MARIA APARECIDA DE JESUS;4500.00;F;2006-05-07 00:00:00;9;9;01317001
1878;VICENTE JOSE DOS SANTOS;5000.00;M;2005-11-07 00:00:00;10;10;04517002
1879;SERGIO DE ALMEIDA PRADO;7700.00;M;2005-11-05 00:00:00;1;2;04517002
1880;SILVIO BRAGANÄA;6500.00;M;1995-10-10 00:00:00;3;7;04517002
1881;MARISA BARBOSA;7100.00;F;2006-09-07 00:00:00;5;6;01317001
1882;DIRCE SPEDO RODRIGUES MORETTI;8100.00;F;2001-01-01 00:00:00;1;1;01317001
1883;ANDRê LUIZ ARID;9100.00;M;2000-02-02 00:00:00;1;2;04517002
1884;IVAN GONÄALVES DOS ANJOS;7200.00;M;2001-03-03 00:00:00;1;3;04517002
1885;MARINA PEREIRA LIMA BRANCHER;7300.00;F;1986-04-04 00:00:00;1;4;01317001
1886;ALEXANDRE TRINCA;7400.00;M;1977-05-05 00:00:00;1;5;04517002
1887;GERDA STOLL;7400.00;F;1974-06-06 00:00:00;1;6;01317001
1888;MONICA LUNGOV BUGELLI;7500.00;F;1960-07-07 00:00:00;1;7;01317001
1889;ANTONIO LUIZ LAURINDO;7500.00;M;1959-08-08 00:00:00;1;8;04517002
1890;ANTONIO MORETTI;9200.00;M;1971-09-09 00:00:00;1;9;04517002
1891;JOSê ROBERTO LAPOLLA JR;9300.00;M;1961-10-10 00:00:00;1;10;04517002
1892;CEC÷LIA ZIERZ FIKER;9400.00;F;1971-11-11 00:00:00;2;1;01317001
1893;AGENOR COSTA NETO;9300.00;M;1967-12-12 00:00:00;2;2;04517002
1894;MARIA HILDA CASALDERREY PROCHASKA;3000.00;F;1951-12-13 00:00:00;2;3;01317001
1895;FLµVIO CASANOVA;3200.00;M;1952-11-14 00:00:00;2;4;04517002
1896;ALO÷SIO FERREIRA DE ARAUJO;3100.00;M;1953-10-15 00:00:00;2;5;04517002
1897;ARNO ALOISIO GOETTEMS;4100.00;M;1954-09-16 00:00:00;2;6;04517002
1898;GABOR RADOCZA;4100.00;M;1955-08-17 00:00:00;2;7;04517002
1899;GENêSIO BRIANTI FILHO;4100.00;M;1956-07-18 00:00:00;2;8;04517002
1900;FRANCISCO EDUARDO CERIALLE;4200.00;M;1957-06-19 00:00:00;2;9;04517002
1901;DANIEL BRAZ;4300.00;M;1958-05-20 00:00:00;2;10;04517002
1902;REGINA GATTAI;4400.00;F;1959-04-21 00:00:00;3;1;01317001
1903;LUCIANA COSTA CORDEIRO;3500.00;F;1960-03-22 00:00:00;3;2;01317001
1904;ISABEL CRISTINA RAINHA;5100.00;F;1961-02-23 00:00:00;3;3;01317001
1905;JO«O PAULO FORDELONE;3600.00;M;1962-01-24 00:00:00;3;4;04517002
1906;CLAUDIO BARBOSA RECCO;3700.00;M;1963-02-25 00:00:00;3;5;04517002
1907;NORBERTO LOURENÄO NOGUEIRA JR.;3200.00;M;1964-03-26 00:00:00;3;6;04517002
1908;PATR÷CIA BRISOLA SIOMI CAVICCHIOLI;3800.00;F;1965-04-27 00:00:00;3;7;01317001
1909;CLINTON MARCICO RAMOS;3900.00;M;1966-05-28 00:00:00;3;8;04517002
1910;DêBORAH BULBARELLI VALENTINI;4000.00;F;1967-06-29 00:00:00;3;9;01317001
1911;MARA APARECIDA CHIAVATTA ZAMMAR;4000.00;F;1968-07-30 00:00:00;3;10;01317001
1912;RICARDO PANTE;4150.00;M;1969-08-01 00:00:00;4;1;04517002
1913;MARCELLO FUITEM;4300.00;M;1970-09-02 00:00:00;4;2;04517002
1914;VERA LÈCIA SIMONCELLO;2100.00;F;1971-10-03 00:00:00;4;3;01317001
1915;LÈCIA HELENA LINS VOLKART;2300.00;F;1972-11-04 00:00:00;4;4;01317001
1916;NIVALDO MARIANO DE PONTES;3300.00;M;1973-12-05 00:00:00;4;5;04517002
1917;MARIA DA GRAÄA RAMOS DE SANTIS;2300.00;F;1974-11-06 00:00:00;4;6;01317001
1918;NICOLAU ARTHUROVICH ATOIANTZ;2200.00;M;1974-10-07 00:00:00;4;7;04517002
1919;IGINO ROTTA;2000.00;M;1974-09-08 00:00:00;4;8;04517002
1920;ARMANDO DE SOUZA MAIA JUNIOR;2100.00;M;1975-08-09 00:00:00;4;9;04517002
1921;MARIA LUIZA DE ARAUJO FLEURY;22100.00;F;1976-07-10 00:00:00;4;10;01317001
1922;JOSê SêRGIO RAMOS;1100.00;M;1977-06-11 00:00:00;5;1;04517002
1923;NELSON REIS QUEDAS;12100.00;M;1978-09-12 00:00:00;5;2;04517002
1924;CARLA MURAD TULLIO;11100.00;F;1979-05-13 00:00:00;5;3;01317001
1925;RICARDO GURGEL AZZI;10100.00;F;1980-04-14 00:00:00;5;4;01317001
1926;DêCIO LUIZ BERNI;11100.00;M;1981-03-15 00:00:00;5;5;04517002
1927;GILBERTO GOMES;12100.00;M;1982-02-16 00:00:00;5;6;04517002
1928;RUBENS ALBERTO MORENO;12100.00;M;1983-01-17 00:00:00;5;7;04517002
1929;RUDOLF RIEDERER;17100.00;M;1984-02-18 00:00:00;5;8;04517002
1930;RENATA MASCARENHAS KFOURI DUARTE;18100.00;F;1985-03-19 00:00:00;5;9;01317001
1931;MARIA ROMILDA RIBEIRO MAGALH«ES;8100.00;F;1987-04-20 00:00:00;5;10;01317001
1932;MAURICIO FACCIOLI;8100.00;M;1986-05-21 00:00:00;6;1;04517002
1933;MIRIAM VALIM OLIVETTI;9100.00;F;1988-06-22 00:00:00;6;2;01317001
1934;TERESINHA DE JESUS DE FARIA FOSCHINI;9100.00;F;1989-07-23 00:00:00;6;3;01317001
1935;LIA MARA LEITE CERIALLE;9200.00;F;1990-08-24 00:00:00;6;4;01317001
1936;FERNANDO CESAR GOMES;9300.00;M;1991-09-25 00:00:00;6;5;04517002
1937;SIMONE GRECO;9300.00;F;1992-10-26 00:00:00;6;6;01317001
1938;LYDIA ESTELLE WELT;7400.00;F;1993-11-27 00:00:00;6;7;01317001
1939;MIGUEL AUGUSTO DE TOLEDO ARRUDA;7700.00;M;1994-12-28 00:00:00;6;8;04517002
1940;ODIR ALONSO JÈNIOR;7600.00;M;1995-11-29 00:00:00;6;9;04517002
1941;VERA LÈCIA DA COSTA TAMBURUS;7500.00;F;1996-10-30 00:00:00;6;10;01317001
1942;ANTONIO CêSAR PAZINATTO;7100.00;M;1997-09-01 00:00:00;7;1;04517002
1943;ANTONIO JOSê MALAVAZZI;7300.00;M;1998-08-07 00:00:00;7;2;04517002
1944;GILSON HENRIQUE JÈNIOR;7200.00;M;1999-09-02 00:00:00;7;3;04517002
1945;MARCOS DANIEL RODRIGUES BRANCHER;7400.00;M;2000-07-03 00:00:00;7;4;04517002
1946;MARIA LUISA BERARDI DE OLIVEIRA DE ANGELI;6100.00;F;2000-06-04 00:00:00;7;5;01317001
1947;ELENICE ZOGHBI COELHO LOBO;6600.00;F;1999-05-05 00:00:00;7;6;01317001
1948;MARIA EMILIA CAVALCANTI DE FARIA VIEIRA;6000.00;F;1998-04-06 00:00:00;7;7;01317001
1949;MARIA DE LOURDES CORR“A ROLIM;6100.00;F;1997-03-07 00:00:00;7;8;01317001
1950;REGINA CêLIA TOCCI DI GIUSEPPE;6200.00;F;1997-02-08 00:00:00;7;9;01317001
1951;TêRCIO BARBOSA RIGOLIN;6300.00;M;1996-01-09 00:00:00;7;10;04517002
1952;NOURIVAL DOMINGOS PARPINELLI;6400.00;M;1995-02-10 00:00:00;8;1;04517002
1953;ANA PAULA CARPINELLI;6500.00;F;1994-03-11 00:00:00;8;2;01317001
1954;ANTONIO FERREIRA DE CARVALHO JUNIOR;6600.00;M;1994-04-12 00:00:00;8;3;04517002
1955;CRISTINA GROSSOV;6700.00;F;1993-05-13 00:00:00;8;4;01317001
1956;MARCELO FRANQUELLA;6800.00;M;1992-06-14 00:00:00;8;5;04517002
1957;MARIA IZABEL ARAUJO EGUCHI;6900.00;F;1991-07-15 00:00:00;8;6;01317001
1958;ELIANE MARY CANESI FERREIRA;7800.00;F;1990-08-16 00:00:00;8;7;01317001
1959;RENATA MOMOE GUERRA;7200.00;F;1989-09-17 00:00:00;8;8;01317001
1960;MARSELY DE MARCO MARTINS DANTAS;5500.00;F;1988-10-18 00:00:00;8;9;01317001
1961;ELIANA MENDES NAVARRO SOARES;5500.00;F;1987-11-19 00:00:00;8;10;01317001
1962;ANDREIA DE FµTIMA SILVA;5400.00;F;1986-12-20 00:00:00;9;1;01317001
1963;LUIZ MµRCIO DOS SANTOS BERLFEIN;5300.00;M;1985-11-21 00:00:00;9;2;04517002
1964;PRISCILA MONTENEGRO SIQUEIRA DE MATOS LUIS;5200.00;F;1984-10-22 00:00:00;9;3;01317001
1965;ELISABETH FRANCISCA SANTORO CARLOS;5100.00;F;1983-09-23 00:00:00;9;4;01317001
1966;ELISABETH PEISSNER SERTORIO;7900.00;F;1972-08-24 00:00:00;9;5;01317001
1967;ELISABETH ROQUE BATISTA ALVES;5900.00;F;1982-07-25 00:00:00;9;6;01317001
1968;ELAINE CONCEIÄ«O MARQUEZINI SALLES;5800.00;F;1981-06-26 00:00:00;9;7;01317001
1969;LUCIANE MARIA CERRI;2500.00;F;1980-05-27 00:00:00;9;8;01317001
1970;MARIA ANGELA DE LIMA PEREIRA FERR«O;25100.00;F;1979-04-28 00:00:00;9;9;01317001
1971;VILMAR NAHUM DEL CASTILHO;27000.00;F;1978-03-29 00:00:00;9;10;01317001
1972;REGINA MAGDALENA PUGLIESE LIRA;25000.00;F;1977-02-28 00:00:00;10;1;01317001
1973;LUCIA HELENA ROCHA CAMPOS DA SILVA;11000.00;F;1976-01-01 00:00:00;10;2;01317001
1974;MARIA HELENA DE PAULA RODRIGUES;1100.00;F;1974-02-02 00:00:00;10;3;01317001
1975;REGINA MARIA CASTELO BRANCO;1200.00;F;1973-03-03 00:00:00;10;4;01317001
1976;WILSON BEZERRA DIAS;1200.00;M;1972-04-04 00:00:00;10;5;04517002
1977;CARLOTA CRISTINA SILVA QUEDAS;1300.00;F;1971-05-05 00:00:00;10;6;01317001
1978;SUZIANE DEGE MAGALH«ES MADUREIRA;1300.00;F;1970-06-06 00:00:00;10;7;01317001
1979;SANDRA MARIA MACEDO PEZETA;1500.00;F;1969-07-07 00:00:00;10;8;01317001
1980;JORGE SILVINO DA CUNHA NETO;1500.00;M;1968-08-08 00:00:00;10;9;04517002
1981;LUCIANE DEGE M. GONÄALVES DOS SANTOS;1700.00;F;1967-09-09 00:00:00;10;10;01317001
1982;HILDA MARIA FERNANDES PINHEIRO GUERRA;1700.00;F;1966-10-10 00:00:00;11;1;01317001
1983;VERIDIANA TINOCO CABRAL DE SOUZA ARANHA;19100.00;F;1965-11-11 00:00:00;11;2;01317001
1984;MARIA EDITH GUTFREUND FORMICOLA;1900.00;F;1964-12-12 00:00:00;11;3;01317001
1985;CYNTHIA NAGASSE;10100.00;F;1963-12-13 00:00:00;11;4;01317001
1986;FµTIMA AMARAL DIAS RISSI;1000.00;F;1962-11-14 00:00:00;11;5;01317001
1987;MARA ROSANA ALBREGARD CASSAS;11110.00;F;1961-10-15 00:00:00;11;6;01317001
1988;ANTONIO CARLOS DOS SANTOS;1200.00;M;1960-09-16 00:00:00;11;7;04517002
1989;ROBERTA PAULA GOMES DA SILVA MENDES;1400.00;F;1959-08-17 00:00:00;11;8;01317001
1990;DEBORA REGINA DIP;12100.00;F;1958-08-18 00:00:00;11;9;01317001
1991;ADELE GIANNATTASIO DECOUSSAU;16000.00;F;1957-07-19 00:00:00;11;10;01317001
1992;SANDRA AGUIAR PECCIOLI PAV«O;15000.00;F;1956-06-20 00:00:00;12;1;01317001
1993;ANNA SOFIA M.E.H. DONNERSMARCK DOWNEY;14000.00;F;1955-05-21 00:00:00;12;2;01317001
1994;NELSON CORREIA FONSECA;13000.00;M;1966-04-22 00:00:00;12;3;04517002
1995;RENATA RAMPAZO;12000.00;F;1954-03-23 00:00:00;12;4;01317001
1996;ILANA JANETE UZIEL;11000.00;F;1954-02-24 00:00:00;12;5;01317001
1997;WANDA MARIA PEREIRA DE S. PINHEIRO PRADO;10000.00;F;1955-01-25 00:00:00;12;6;01317001
1998;MARCO ANTONIO DE OLIVEIRA VASCONCELLOS PEREIRA;9000.00;M;1956-02-26 00:00:00;12;7;04517002
1999;FERNANDO LUIZ MEDICI;8000.00;M;1967-03-27 00:00:00;12;8;04517002
2000;DULCE REGINA GRELLET MACEDO TACOLA BECKER;7000.00;F;1957-04-28 00:00:00;12;9;01317001
2001;GLAUCIA BARCENA ALBERTONI;6000.00;F;1958-05-29 00:00:00;12;10;01317001
2002;SILVIA HELENA MIHOK FUERTES;5000.00;F;1959-06-30 00:00:00;13;1;01317001
2003;SIMONE SANCHES;4000.00;F;1960-07-01 00:00:00;13;2;01317001
2004;MARISTELA BASILE LOPES RIBEIRO;3000.00;F;1961-08-02 00:00:00;13;3;01317001
2005;LUCY MARTINS DE ANDRADE;2000.00;F;1964-09-03 00:00:00;13;4;01317001
2006;ANA LUCIA DESCAGNI ALVARES;21000.00;F;1964-10-04 00:00:00;13;5;01317001
2007;MµRCIA CRISTINA RIBEIRO DAVID DE SOUZA;20000.00;F;1965-11-05 00:00:00;13;6;01317001
2008;SAMANTHA ESPERANÄA ROSA;21100.00;F;1976-12-06 00:00:00;13;7;01317001
2009;MELISSA DE SOUZA PIERETTE ALBUQUERQUE DE PONTES;22500.00;F;1967-11-07 00:00:00;13;8;01317001
2010;PRISCILLA NEPOMUCENO CAMPOS MAIA;21500.00;F;1966-10-08 00:00:00;13;9;01317001
2011;SILVIA SALLES LEITE LOMBARDI;20500.00;F;1968-09-09 00:00:00;13;10;01317001
2012;FERNANDA ZALLA  SAMPAIO;19500.00;F;1969-08-10 00:00:00;14;1;01317001
2013;KARINA TAMBORLIM SIMÂES;18500.00;F;1970-07-11 00:00:00;14;2;01317001
2014;FERNANDA CASTANHO FRANCO MONTORO;17500.00;F;1970-06-12 00:00:00;14;3;01317001
2015;FERNANDA TOBLER BRANT DE CARVALHO MANTELLI;16500.00;F;1971-05-13 00:00:00;14;4;01317001
2016;DANIELA BORGES FRANCO;15500.00;F;1982-04-14 00:00:00;14;6;01317001
2017;CRISTIANE ALFIERI SALVAGNINI;14500.00;F;1972-03-14 00:00:00;14;6;01317001
2018;TATHIANA MARIA MAZZIERI LEITE;13500.00;F;1973-02-15 00:00:00;14;7;01317001
2019;SOFIA DINIZ JUNQUEIRA BUENO;12500.00;F;1974-01-16 00:00:00;14;8;01317001
2020;LIAMARA MONTAGNER SALAMANI;11500.00;F;1965-02-17 00:00:00;14;9;01317001
2021;CAMILA LENCI BOCCIA;10500.00;F;1975-03-18 00:00:00;14;10;01317001
2022;CLAUDIA AYRES;9500.00;F;1976-04-19 00:00:00;15;1;01317001
2023;ROSANE OLIVEIRA MODERNO SCHILLER;8500.00;F;1977-05-20 00:00:00;15;2;01317001
2024;VIVIAN SUELI DEVIDE MONTEIRO DE CASTRO;7500.00;F;1978-06-21 00:00:00;15;3;01317001
2025;SONIA SPEDO SPAGNUOLO;6500.00;F;1979-07-22 00:00:00;15;4;01317001
2026;ANA PAULA MACHADO DAVILA;5500.00;F;1980-08-23 00:00:00;15;5;01317001
2027;ALESSANDRA BONAZZA;4500.00;F;1981-09-24 00:00:00;15;6;01317001
2028;GEDEON LORANT GEZA PILLER;3500.00;M;1982-10-25 00:00:00;15;7;04517002
2029;MONICA H.CAMARGO;2500.00;F;1983-11-26 00:00:00;15;8;01317001
2030;CAMILA TRICARICO ALVIM;8200.00;F;1984-12-27 00:00:00;15;9;01317001
2031;GISELE PIRES MILANI;9100.00;F;1985-11-28 00:00:00;15;10;01317001
2032;SILVIA AMARAL HEYDENREICH;7200.00;F;1986-10-29 00:00:00;16;1;01317001
2033;SOLANGE SHIZUMI SAKAHARA YOKOYAMA;7100.00;F;1987-09-30 00:00:00;16;2;01317001
2034;LUCIANA MUSUMECCI NALON;8100.00;F;1988-08-30 00:00:00;16;3;01317001
2035;PATRICIA DINIZ OLIVEIRA;6900.00;F;1989-07-29 00:00:00;16;4;01317001
2036;CATIA APARECIDA FITTIPALDI GUEDES;4900.00;F;1990-06-28 00:00:00;16;4;01317001
2037;CATIA JACIANE DE LIMA FERREIRA;4700.00;F;1991-05-27 00:00:00;16;5;01317001
2038;ALESSANDRA MARIA NOGUEIRA DA ROCHA CARVALHO;7800.00;F;1992-09-26 00:00:00;16;6;01317001
2039;CAMILA MACHADO ASSUMPCAO;6500.00;F;1993-04-25 00:00:00;16;7;01317001
2040;LUCIANA ROCHA LEITE PIMENTA;9800.00;F;1994-03-24 00:00:00;16;8;01317001
2041;MAYUMI TAKAI;8900.00;F;1994-02-23 00:00:00;16;9;01317001
2042;RAQUEL DOS SANTOS FUNARI;17500.00;F;1995-01-22 00:00:00;16;10;01317001
2043;CRISTINA ALEXANDRE TAVARES;17400.00;F;1996-02-21 00:00:00;17;1;01317001
2044;LUCIANA TADDEI;12100.00;F;1997-03-20 00:00:00;17;2;01317001
2045;KARIN CµMARA GARZ‡N;13100.00;F;1998-04-19 00:00:00;17;3;01317001
2046;JULIANA KALLAY DEL AQUILLA;14100.00;F;1999-05-18 00:00:00;17;4;01317001
2047;MARCIA KUPTAS;15100.00;F;1998-06-17 00:00:00;17;5;01317001
2048;MARIA AURORA DE JESUS FERREIRA PRIMUK;15100.00;F;1997-07-16 00:00:00;17;6;01317001
2049;MARILZA MARCONDES PAIM;14100.00;F;1996-08-15 00:00:00;17;7;01317001
2050;LUCIENE HESSEL FOGAÄA OLIVEIRA;14100.00;F;1995-09-14 00:00:00;17;8;01317001
2051;ELIZABETE ROSIM FACHINI SPARAPAM;14100.00;F;1994-10-13 00:00:00;17;9;01317001
2052;ELIANA SINISCALCHI DE SOUZA;12900.00;F;1993-11-12 00:00:00;17;10;01317001
2053;MARIA LU÷ZA BORGHI;12900.00;F;1992-12-11 00:00:00;18;1;01317001
2054;FERNANDA CONTI MARCONDES;12900.00;F;1991-11-10 00:00:00;18;2;01317001
2055;MARIZE MEDEIROS BORGES;11110.00;F;1990-10-09 00:00:00;18;3;01317001
2056;KARIN MACHADO GRIESINGER DE CORR“A LEITE;11110.00;F;1989-09-08 00:00:00;18;4;01317001
2057;BENEDITA APARECIDA TURIM;11110.00;F;1989-09-07 00:00:00;18;5;01317001
2058;MELISSA DE SOUZA PIERETTE A. PONTES;11110.00;F;1988-08-06 00:00:00;18;6;01317001
2059;LILIANA ALMEIDA ROSA OZ‡RIO;9200.00;F;1987-07-05 00:00:00;18;7;01317001
2060;KµTIA STEFFEN BRIANTI;9200.00;F;1986-06-04 00:00:00;18;8;01317001
2061;JANINE DEMARTIS GRANJA;9600.00;F;1985-05-03 00:00:00;18;9;01317001
2062;CAMILA BIERRENBACH PEREIRA DE QUEIROZ;9700.00;F;1984-04-02 00:00:00;18;10;01317001
2063;LILIANE DA SILVA CRUZ;9900.00;F;1983-03-01 00:00:00;19;1;01317001
2064;WAGNER ALBERTO DE SOUZA;8300.00;F;1982-02-02 00:00:00;19;2;01317001
2065;FERNANDA MORAIS MACHADO GOMES;2100.00;F;1981-01-03 00:00:00;19;3;01317001
2066;ERIKA CRISTINA LOBO;3100.00;F;1980-02-04 00:00:00;19;4;01317001
2067;PAULA SINTI;4100.00;F;1979-03-05 00:00:00;19;5;01317001
2068;MARCIA CAMPINAS PIMENTEL;5100.00;F;1978-04-06 00:00:00;19;6;01317001
2069;ALEXANDRE RIBEIRO MEYER PFLUG;6100.00;M;1977-05-07 00:00:00;19;7;04517002
2070;ROBERTO KOJI MURASAKI;7300.00;M;1976-06-08 00:00:00;19;8;04517002
2071;TEDDY CHU PALOU;8400.00;F;1975-07-09 00:00:00;19;9;01317001
2072;PAULO SOARES;6500.00;M;2020-05-14 00:00:00;6;6;04517002
2073;LUIZ GUSTAVO;5000.00;M;2020-05-15 00:00:00;16;7;04517002
2074;LUIZ GUSTAVO;5000.00;M;2020-05-15 00:00:00;10;7;04517002
2075;LUIZ GUSTAVO;5000.00;M;2020-05-15 00:00:00;10;7;04517002
2076;JULIA MARCONDES;11000.00;F;2020-05-22 00:00:00;9;7;01317001
2077;ANA MARIA SOARES;17000.00;F;2000-05-01 00:00:00;1;1;01317001
2078;LUCIANO DE ARAÈJO;8000.00;M;2001-03-03 00:00:00;2;2;04517002
2079;VICT‡RIA MAGALH«ES;7000.00;F;2004-10-04 00:00:00;3;3;01317001
2080;CARLOS ROBERTO SILVA;5000.00;M;1999-08-06 00:00:00;4;4;04517002
2081;GLORIA MARIA DE SOUZA;4000.00;F;2003-09-01 00:00:00;5;5;01317001
2082;BEATRIZ DE OLIVEIRA;2800.00;F;2002-11-02 00:00:00;7;7;01317001
2083;MARIA APARECIDA DE JESUS;4500.00;F;2006-05-07 00:00:00;9;9;01317001
2084;VICENTE JOSE DOS SANTOS;5000.00;M;2005-11-07 00:00:00;10;10;04517002
2085;SERGIO DE ALMEIDA PRADO;7700.00;M;2005-11-05 00:00:00;1;2;04517002
2086;SILVIO BRAGANÄA;6500.00;M;1995-10-10 00:00:00;3;7;04517002
2087;MARISA BARBOSA;7100.00;F;2006-09-07 00:00:00;5;6;01317001
2088;DIRCE SPEDO RODRIGUES MORETTI;8100.00;F;2001-01-01 00:00:00;1;1;01317001
2089;ANDRê LUIZ ARID;9100.00;M;2000-02-02 00:00:00;1;2;04517002
2090;IVAN GONÄALVES DOS ANJOS;7200.00;M;2001-03-03 00:00:00;1;3;04517002
2091;MARINA PEREIRA LIMA BRANCHER;7300.00;F;1986-04-04 00:00:00;1;4;01317001
2092;ALEXANDRE TRINCA;7400.00;M;1977-05-05 00:00:00;1;5;04517002
2093;GERDA STOLL;7400.00;F;1974-06-06 00:00:00;1;6;01317001
2094;MONICA LUNGOV BUGELLI;7500.00;F;1960-07-07 00:00:00;1;7;01317001
2095;ANTONIO LUIZ LAURINDO;7500.00;M;1959-08-08 00:00:00;1;8;04517002
2096;ANTONIO MORETTI;9200.00;M;1971-09-09 00:00:00;1;9;04517002
2097;JOSê ROBERTO LAPOLLA JR;9300.00;M;1961-10-10 00:00:00;1;10;04517002
2098;CEC÷LIA ZIERZ FIKER;9400.00;F;1971-11-11 00:00:00;2;1;01317001
2099;AGENOR COSTA NETO;9300.00;M;1967-12-12 00:00:00;2;2;04517002
2100;MARIA HILDA CASALDERREY PROCHASKA;3000.00;F;1951-12-13 00:00:00;2;3;01317001
2101;FLµVIO CASANOVA;3200.00;M;1952-11-14 00:00:00;2;4;04517002
2102;ALO÷SIO FERREIRA DE ARAUJO;3100.00;M;1953-10-15 00:00:00;2;5;04517002
2103;ARNO ALOISIO GOETTEMS;4100.00;M;1954-09-16 00:00:00;2;6;04517002
2104;GABOR RADOCZA;4100.00;M;1955-08-17 00:00:00;2;7;04517002
2105;GENêSIO BRIANTI FILHO;4100.00;M;1956-07-18 00:00:00;2;8;04517002
2106;FRANCISCO EDUARDO CERIALLE;4200.00;M;1957-06-19 00:00:00;2;9;04517002
2107;DANIEL BRAZ;4300.00;M;1958-05-20 00:00:00;2;10;04517002
2108;REGINA GATTAI;4400.00;F;1959-04-21 00:00:00;3;1;01317001
2109;LUCIANA COSTA CORDEIRO;3500.00;F;1960-03-22 00:00:00;3;2;01317001
2110;ISABEL CRISTINA RAINHA;5100.00;F;1961-02-23 00:00:00;3;3;01317001
2111;JO«O PAULO FORDELONE;3600.00;M;1962-01-24 00:00:00;3;4;04517002
2112;CLAUDIO BARBOSA RECCO;3700.00;M;1963-02-25 00:00:00;3;5;04517002
2113;NORBERTO LOURENÄO NOGUEIRA JR.;3200.00;M;1964-03-26 00:00:00;3;6;04517002
2114;PATR÷CIA BRISOLA SIOMI CAVICCHIOLI;3800.00;F;1965-04-27 00:00:00;3;7;01317001
2115;CLINTON MARCICO RAMOS;3900.00;M;1966-05-28 00:00:00;3;8;04517002
2116;DêBORAH BULBARELLI VALENTINI;4000.00;F;1967-06-29 00:00:00;3;9;01317001
2117;MARA APARECIDA CHIAVATTA ZAMMAR;4000.00;F;1968-07-30 00:00:00;3;10;01317001
2118;RICARDO PANTE;4150.00;M;1969-08-01 00:00:00;4;1;04517002
2119;MARCELLO FUITEM;4300.00;M;1970-09-02 00:00:00;4;2;04517002
2120;VERA LÈCIA SIMONCELLO;2100.00;F;1971-10-03 00:00:00;4;3;01317001
2121;LÈCIA HELENA LINS VOLKART;2300.00;F;1972-11-04 00:00:00;4;4;01317001
2122;NIVALDO MARIANO DE PONTES;3300.00;M;1973-12-05 00:00:00;4;5;04517002
2123;MARIA DA GRAÄA RAMOS DE SANTIS;2300.00;F;1974-11-06 00:00:00;4;6;01317001
2124;NICOLAU ARTHUROVICH ATOIANTZ;2200.00;M;1974-10-07 00:00:00;4;7;04517002
2125;IGINO ROTTA;2000.00;M;1974-09-08 00:00:00;4;8;04517002
2126;ARMANDO DE SOUZA MAIA JUNIOR;2100.00;M;1975-08-09 00:00:00;4;9;04517002
2127;MARIA LUIZA DE ARAUJO FLEURY;22100.00;F;1976-07-10 00:00:00;4;10;01317001
2128;JOSê SêRGIO RAMOS;1100.00;M;1977-06-11 00:00:00;5;1;04517002
2129;NELSON REIS QUEDAS;12100.00;M;1978-09-12 00:00:00;5;2;04517002
2130;CARLA MURAD TULLIO;11100.00;F;1979-05-13 00:00:00;5;3;01317001
2131;RICARDO GURGEL AZZI;10100.00;F;1980-04-14 00:00:00;5;4;01317001
2132;DêCIO LUIZ BERNI;11100.00;M;1981-03-15 00:00:00;5;5;04517002
2133;GILBERTO GOMES;12100.00;M;1982-02-16 00:00:00;5;6;04517002
2134;RUBENS ALBERTO MORENO;12100.00;M;1983-01-17 00:00:00;5;7;04517002
2135;RUDOLF RIEDERER;17100.00;M;1984-02-18 00:00:00;5;8;04517002
2136;RENATA MASCARENHAS KFOURI DUARTE;18100.00;F;1985-03-19 00:00:00;5;9;01317001
2137;MARIA ROMILDA RIBEIRO MAGALH«ES;8100.00;F;1987-04-20 00:00:00;5;10;01317001
2138;MAURICIO FACCIOLI;8100.00;M;1986-05-21 00:00:00;6;1;04517002
2139;MIRIAM VALIM OLIVETTI;9100.00;F;1988-06-22 00:00:00;6;2;01317001
2140;TERESINHA DE JESUS DE FARIA FOSCHINI;9100.00;F;1989-07-23 00:00:00;6;3;01317001
2141;LIA MARA LEITE CERIALLE;9200.00;F;1990-08-24 00:00:00;6;4;01317001
2142;FERNANDO CESAR GOMES;9300.00;M;1991-09-25 00:00:00;6;5;04517002
2143;SIMONE GRECO;9300.00;F;1992-10-26 00:00:00;6;6;01317001
2144;LYDIA ESTELLE WELT;7400.00;F;1993-11-27 00:00:00;6;7;01317001
2145;MIGUEL AUGUSTO DE TOLEDO ARRUDA;7700.00;M;1994-12-28 00:00:00;6;8;04517002
2146;ODIR ALONSO JÈNIOR;7600.00;M;1995-11-29 00:00:00;6;9;04517002
2147;VERA LÈCIA DA COSTA TAMBURUS;7500.00;F;1996-10-30 00:00:00;6;10;01317001
2148;ANTONIO CêSAR PAZINATTO;7100.00;M;1997-09-01 00:00:00;7;1;04517002
2149;ANTONIO JOSê MALAVAZZI;7300.00;M;1998-08-07 00:00:00;7;2;04517002
2150;GILSON HENRIQUE JÈNIOR;7200.00;M;1999-09-02 00:00:00;7;3;04517002
2151;MARCOS DANIEL RODRIGUES BRANCHER;7400.00;M;2000-07-03 00:00:00;7;4;04517002
2152;MARIA LUISA BERARDI DE OLIVEIRA DE ANGELI;6100.00;F;2000-06-04 00:00:00;7;5;01317001
2153;ELENICE ZOGHBI COELHO LOBO;6600.00;F;1999-05-05 00:00:00;7;6;01317001
2154;MARIA EMILIA CAVALCANTI DE FARIA VIEIRA;6000.00;F;1998-04-06 00:00:00;7;7;01317001
2155;MARIA DE LOURDES CORR“A ROLIM;6100.00;F;1997-03-07 00:00:00;7;8;01317001
2156;REGINA CêLIA TOCCI DI GIUSEPPE;6200.00;F;1997-02-08 00:00:00;7;9;01317001
2157;TêRCIO BARBOSA RIGOLIN;6300.00;M;1996-01-09 00:00:00;7;10;04517002
2158;NOURIVAL DOMINGOS PARPINELLI;6400.00;M;1995-02-10 00:00:00;8;1;04517002
2159;ANA PAULA CARPINELLI;6500.00;F;1994-03-11 00:00:00;8;2;01317001
2160;ANTONIO FERREIRA DE CARVALHO JUNIOR;6600.00;M;1994-04-12 00:00:00;8;3;04517002
2161;CRISTINA GROSSOV;6700.00;F;1993-05-13 00:00:00;8;4;01317001
2162;MARCELO FRANQUELLA;6800.00;M;1992-06-14 00:00:00;8;5;04517002
2163;MARIA IZABEL ARAUJO EGUCHI;6900.00;F;1991-07-15 00:00:00;8;6;01317001
2164;ELIANE MARY CANESI FERREIRA;7800.00;F;1990-08-16 00:00:00;8;7;01317001
2165;RENATA MOMOE GUERRA;7200.00;F;1989-09-17 00:00:00;8;8;01317001
2166;MARSELY DE MARCO MARTINS DANTAS;5500.00;F;1988-10-18 00:00:00;8;9;01317001
2167;ELIANA MENDES NAVARRO SOARES;5500.00;F;1987-11-19 00:00:00;8;10;01317001
2168;ANDREIA DE FµTIMA SILVA;5400.00;F;1986-12-20 00:00:00;9;1;01317001
2169;LUIZ MµRCIO DOS SANTOS BERLFEIN;5300.00;M;1985-11-21 00:00:00;9;2;04517002
2170;PRISCILA MONTENEGRO SIQUEIRA DE MATOS LUIS;5200.00;F;1984-10-22 00:00:00;9;3;01317001
2171;ELISABETH FRANCISCA SANTORO CARLOS;5100.00;F;1983-09-23 00:00:00;9;4;01317001
2172;ELISABETH PEISSNER SERTORIO;7900.00;F;1972-08-24 00:00:00;9;5;01317001
2173;ELISABETH ROQUE BATISTA ALVES;5900.00;F;1982-07-25 00:00:00;9;6;01317001
2174;ELAINE CONCEIÄ«O MARQUEZINI SALLES;5800.00;F;1981-06-26 00:00:00;9;7;01317001
2175;LUCIANE MARIA CERRI;2500.00;F;1980-05-27 00:00:00;9;8;01317001
2176;MARIA ANGELA DE LIMA PEREIRA FERR«O;25100.00;F;1979-04-28 00:00:00;9;9;01317001
2177;VILMAR NAHUM DEL CASTILHO;27000.00;F;1978-03-29 00:00:00;9;10;01317001
2178;REGINA MAGDALENA PUGLIESE LIRA;25000.00;F;1977-02-28 00:00:00;10;1;01317001
2179;LUCIA HELENA ROCHA CAMPOS DA SILVA;11000.00;F;1976-01-01 00:00:00;10;2;01317001
2180;MARIA HELENA DE PAULA RODRIGUES;1100.00;F;1974-02-02 00:00:00;10;3;01317001
2181;REGINA MARIA CASTELO BRANCO;1200.00;F;1973-03-03 00:00:00;10;4;01317001
2182;WILSON BEZERRA DIAS;1200.00;M;1972-04-04 00:00:00;10;5;04517002
2183;CARLOTA CRISTINA SILVA QUEDAS;1300.00;F;1971-05-05 00:00:00;10;6;01317001
2184;SUZIANE DEGE MAGALH«ES MADUREIRA;1300.00;F;1970-06-06 00:00:00;10;7;01317001
2185;SANDRA MARIA MACEDO PEZETA;1500.00;F;1969-07-07 00:00:00;10;8;01317001
2186;JORGE SILVINO DA CUNHA NETO;1500.00;M;1968-08-08 00:00:00;10;9;04517002
2187;LUCIANE DEGE M. GONÄALVES DOS SANTOS;1700.00;F;1967-09-09 00:00:00;10;10;01317001
2188;HILDA MARIA FERNANDES PINHEIRO GUERRA;1700.00;F;1966-10-10 00:00:00;11;1;01317001
2189;VERIDIANA TINOCO CABRAL DE SOUZA ARANHA;19100.00;F;1965-11-11 00:00:00;11;2;01317001
2190;MARIA EDITH GUTFREUND FORMICOLA;1900.00;F;1964-12-12 00:00:00;11;3;01317001
2191;CYNTHIA NAGASSE;10100.00;F;1963-12-13 00:00:00;11;4;01317001
2192;FµTIMA AMARAL DIAS RISSI;1000.00;F;1962-11-14 00:00:00;11;5;01317001
2193;MARA ROSANA ALBREGARD CASSAS;11110.00;F;1961-10-15 00:00:00;11;6;01317001
2194;ANTONIO CARLOS DOS SANTOS;1200.00;M;1960-09-16 00:00:00;11;7;04517002
2195;ROBERTA PAULA GOMES DA SILVA MENDES;1400.00;F;1959-08-17 00:00:00;11;8;01317001
2196;DEBORA REGINA DIP;12100.00;F;1958-08-18 00:00:00;11;9;01317001
2197;ADELE GIANNATTASIO DECOUSSAU;16000.00;F;1957-07-19 00:00:00;11;10;01317001
2198;SANDRA AGUIAR PECCIOLI PAV«O;15000.00;F;1956-06-20 00:00:00;12;1;01317001
2199;ANNA SOFIA M.E.H. DONNERSMARCK DOWNEY;14000.00;F;1955-05-21 00:00:00;12;2;01317001
2200;NELSON CORREIA FONSECA;13000.00;M;1966-04-22 00:00:00;12;3;04517002
2201;RENATA RAMPAZO;12000.00;F;1954-03-23 00:00:00;12;4;01317001
2202;ILANA JANETE UZIEL;11000.00;F;1954-02-24 00:00:00;12;5;01317001
2203;WANDA MARIA PEREIRA DE S. PINHEIRO PRADO;10000.00;F;1955-01-25 00:00:00;12;6;01317001
2204;MARCO ANTONIO DE OLIVEIRA VASCONCELLOS PEREIRA;9000.00;M;1956-02-26 00:00:00;12;7;04517002
2205;FERNANDO LUIZ MEDICI;8000.00;M;1967-03-27 00:00:00;12;8;04517002
2206;DULCE REGINA GRELLET MACEDO TACOLA BECKER;7000.00;F;1957-04-28 00:00:00;12;9;01317001
2207;GLAUCIA BARCENA ALBERTONI;6000.00;F;1958-05-29 00:00:00;12;10;01317001
2208;SILVIA HELENA MIHOK FUERTES;5000.00;F;1959-06-30 00:00:00;13;1;01317001
2209;SIMONE SANCHES;4000.00;F;1960-07-01 00:00:00;13;2;01317001
2210;MARISTELA BASILE LOPES RIBEIRO;3000.00;F;1961-08-02 00:00:00;13;3;01317001
2211;LUCY MARTINS DE ANDRADE;2000.00;F;1964-09-03 00:00:00;13;4;01317001
2212;ANA LUCIA DESCAGNI ALVARES;21000.00;F;1964-10-04 00:00:00;13;5;01317001
2213;MµRCIA CRISTINA RIBEIRO DAVID DE SOUZA;20000.00;F;1965-11-05 00:00:00;13;6;01317001
2214;SAMANTHA ESPERANÄA ROSA;21100.00;F;1976-12-06 00:00:00;13;7;01317001
2215;MELISSA DE SOUZA PIERETTE ALBUQUERQUE DE PONTES;22500.00;F;1967-11-07 00:00:00;13;8;01317001
2216;PRISCILLA NEPOMUCENO CAMPOS MAIA;21500.00;F;1966-10-08 00:00:00;13;9;01317001
2217;SILVIA SALLES LEITE LOMBARDI;20500.00;F;1968-09-09 00:00:00;13;10;01317001
2218;FERNANDA ZALLA  SAMPAIO;19500.00;F;1969-08-10 00:00:00;14;1;01317001
2219;KARINA TAMBORLIM SIMÂES;18500.00;F;1970-07-11 00:00:00;14;2;01317001
2220;FERNANDA CASTANHO FRANCO MONTORO;17500.00;F;1970-06-12 00:00:00;14;3;01317001
2221;FERNANDA TOBLER BRANT DE CARVALHO MANTELLI;16500.00;F;1971-05-13 00:00:00;14;4;01317001
2222;DANIELA BORGES FRANCO;15500.00;F;1982-04-14 00:00:00;14;6;01317001
2223;CRISTIANE ALFIERI SALVAGNINI;14500.00;F;1972-03-14 00:00:00;14;6;01317001
2224;TATHIANA MARIA MAZZIERI LEITE;13500.00;F;1973-02-15 00:00:00;14;7;01317001
2225;SOFIA DINIZ JUNQUEIRA BUENO;12500.00;F;1974-01-16 00:00:00;14;8;01317001
2226;LIAMARA MONTAGNER SALAMANI;11500.00;F;1965-02-17 00:00:00;14;9;01317001
2227;CAMILA LENCI BOCCIA;10500.00;F;1975-03-18 00:00:00;14;10;01317001
2228;CLAUDIA AYRES;9500.00;F;1976-04-19 00:00:00;15;1;01317001
2229;ROSANE OLIVEIRA MODERNO SCHILLER;8500.00;F;1977-05-20 00:00:00;15;2;01317001
2230;VIVIAN SUELI DEVIDE MONTEIRO DE CASTRO;7500.00;F;1978-06-21 00:00:00;15;3;01317001
2231;SONIA SPEDO SPAGNUOLO;6500.00;F;1979-07-22 00:00:00;15;4;01317001
2232;ANA PAULA MACHADO DAVILA;5500.00;F;1980-08-23 00:00:00;15;5;01317001
2233;ALESSANDRA BONAZZA;4500.00;F;1981-09-24 00:00:00;15;6;01317001
2234;GEDEON LORANT GEZA PILLER;3500.00;M;1982-10-25 00:00:00;15;7;04517002
2235;MONICA H.CAMARGO;2500.00;F;1983-11-26 00:00:00;15;8;01317001
2236;CAMILA TRICARICO ALVIM;8200.00;F;1984-12-27 00:00:00;15;9;01317001
2237;GISELE PIRES MILANI;9100.00;F;1985-11-28 00:00:00;15;10;01317001
2238;SILVIA AMARAL HEYDENREICH;7200.00;F;1986-10-29 00:00:00;16;1;01317001
2239;SOLANGE SHIZUMI SAKAHARA YOKOYAMA;7100.00;F;1987-09-30 00:00:00;16;2;01317001
2240;LUCIANA MUSUMECCI NALON;8100.00;F;1988-08-30 00:00:00;16;3;01317001
2241;PATRICIA DINIZ OLIVEIRA;6900.00;F;1989-07-29 00:00:00;16;4;01317001
2242;CATIA APARECIDA FITTIPALDI GUEDES;4900.00;F;1990-06-28 00:00:00;16;4;01317001
2243;CATIA JACIANE DE LIMA FERREIRA;4700.00;F;1991-05-27 00:00:00;16;5;01317001
2244;ALESSANDRA MARIA NOGUEIRA DA ROCHA CARVALHO;7800.00;F;1992-09-26 00:00:00;16;6;01317001
2245;CAMILA MACHADO ASSUMPCAO;6500.00;F;1993-04-25 00:00:00;16;7;01317001
2246;LUCIANA ROCHA LEITE PIMENTA;9800.00;F;1994-03-24 00:00:00;16;8;01317001
2247;MAYUMI TAKAI;8900.00;F;1994-02-23 00:00:00;16;9;01317001
2248;RAQUEL DOS SANTOS FUNARI;17500.00;F;1995-01-22 00:00:00;16;10;01317001
2249;CRISTINA ALEXANDRE TAVARES;17400.00;F;1996-02-21 00:00:00;17;1;01317001
2250;LUCIANA TADDEI;12100.00;F;1997-03-20 00:00:00;17;2;01317001
2251;KARIN CµMARA GARZ‡N;13100.00;F;1998-04-19 00:00:00;17;3;01317001
2252;JULIANA KALLAY DEL AQUILLA;14100.00;F;1999-05-18 00:00:00;17;4;01317001
2253;MARCIA KUPTAS;15100.00;F;1998-06-17 00:00:00;17;5;01317001
2254;MARIA AURORA DE JESUS FERREIRA PRIMUK;15100.00;F;1997-07-16 00:00:00;17;6;01317001
2255;MARILZA MARCONDES PAIM;14100.00;F;1996-08-15 00:00:00;17;7;01317001
2256;LUCIENE HESSEL FOGAÄA OLIVEIRA;14100.00;F;1995-09-14 00:00:00;17;8;01317001
2257;ELIZABETE ROSIM FACHINI SPARAPAM;14100.00;F;1994-10-13 00:00:00;17;9;01317001
2258;ELIANA SINISCALCHI DE SOUZA;12900.00;F;1993-11-12 00:00:00;17;10;01317001
2259;MARIA LU÷ZA BORGHI;12900.00;F;1992-12-11 00:00:00;18;1;01317001
2260;FERNANDA CONTI MARCONDES;12900.00;F;1991-11-10 00:00:00;18;2;01317001
2261;MARIZE MEDEIROS BORGES;11110.00;F;1990-10-09 00:00:00;18;3;01317001
2262;KARIN MACHADO GRIESINGER DE CORR“A LEITE;11110.00;F;1989-09-08 00:00:00;18;4;01317001
2263;BENEDITA APARECIDA TURIM;11110.00;F;1989-09-07 00:00:00;18;5;01317001
2264;MELISSA DE SOUZA PIERETTE A. PONTES;11110.00;F;1988-08-06 00:00:00;18;6;01317001
2265;LILIANA ALMEIDA ROSA OZ‡RIO;9200.00;F;1987-07-05 00:00:00;18;7;01317001
2266;KµTIA STEFFEN BRIANTI;9200.00;F;1986-06-04 00:00:00;18;8;01317001
2267;JANINE DEMARTIS GRANJA;9600.00;F;1985-05-03 00:00:00;18;9;01317001
2268;CAMILA BIERRENBACH PEREIRA DE QUEIROZ;9700.00;F;1984-04-02 00:00:00;18;10;01317001
2269;LILIANE DA SILVA CRUZ;9900.00;F;1983-03-01 00:00:00;19;1;01317001
2270;WAGNER ALBERTO DE SOUZA;8300.00;F;1982-02-02 00:00:00;19;2;01317001
2271;FERNANDA MORAIS MACHADO GOMES;2100.00;F;1981-01-03 00:00:00;19;3;01317001
2272;ERIKA CRISTINA LOBO;3100.00;F;1980-02-04 00:00:00;19;4;01317001
2273;PAULA SINTI;4100.00;F;1979-03-05 00:00:00;19;5;01317001
2274;MARCIA CAMPINAS PIMENTEL;5100.00;F;1978-04-06 00:00:00;19;6;01317001
2275;ALEXANDRE RIBEIRO MEYER PFLUG;6100.00;M;1977-05-07 00:00:00;19;7;04517002
2276;ROBERTO KOJI MURASAKI;7300.00;M;1976-06-08 00:00:00;19;8;04517002
2277;TEDDY CHU PALOU;8400.00;F;1975-07-09 00:00:00;19;9;01317001
2278;PAULO SOARES;6500.00;M;2020-05-14 00:00:00;6;6;04517002
2279;LUIZ GUSTAVO;5000.00;M;2020-05-15 00:00:00;16;7;04517002
2280;LUIZ GUSTAVO;5000.00;M;2020-05-15 00:00:00;10;7;04517002
2281;LUIZ GUSTAVO;5000.00;M;2020-05-15 00:00:00;10;7;04517002
2282;JULIA MARCONDES;11000.00;F;2020-05-22 00:00:00;9;7;01317001
2283;JULIO CESAR;17000.00;M;2020-10-24 00:00:00;1;1;04517002
2284;GL‡RIA MARIA;30000.00;F;2020-10-24 00:00:00;1;1;01317001
2285;BRUNO CARLOS;30000.00;M;2020-10-24 00:00:00;1;1;04517002
